Temperature,Humidity,Soil Moisture,pH,N,P,K,Crop
25.0,60.0,400,6.5,50,30,40,Rice
28.0,55.0,350,6.8,40,25,35,Wheat
30.8,47.8,293,6.22,108,41,73,Cotton
25.6,49.6,405,6.7,47,25,54,Groundnut
28.0,93.5,508,6.34,101,46,33,Rice
34.5,61.7,483,6.61,148,31,71,Sugarcane
24.1,63.8,308,6.52,46,36,55,Millet
27.6,53.6,571,6.39,74,38,57,Maize
19.4,68.5,470,7.18,67,41,59,Wheat
28.4,85.5,697,6.63,109,33,65,Rice
28.3,41.4,383,7.25,103,32,62,Cotton
26.8,81.4,660,6.06,104,60,55,Rice
25.4,48.0,237,7.2,67,38,35,Millet
17.7,60.9,486,5.38,69,35,91,Potato
20.6,71.8,324,6.98,76,30,45,Wheat
30.3,71.7,559,6.51,68,44,40,Rice
26.0,49.0,251,5.63,43,40,70,Groundnut
16.8,64.5,479,5.86,70,46,96,Potato
22.6,70.6,688,7.32,121,55,109,Sugarcane
31.2,39.1,265,7.38,36,26,46,Millet
31.4,70.2,546,5.85,108,42,46,Rice
30.9,73.4,582,6.06,120,59,51,Rice
28.0,56.2,266,6.5,93,29,28,Wheat
26.0,58.1,351,5.86,25,46,57,Millet
31.5,54.9,420,6.89,45,45,50,Groundnut
22.9,78.5,585,6.1,77,61,102,Potato
30.0,61.5,370,6.96,62,42,34,Millet
22.0,54.8,504,6.99,31,59,79,Soybean
33.5,73.0,471,5.98,98,33,54,Cotton
19.5,53.6,251,6.72,29,44,67,Chickpea
26.3,62.3,512,6.49,70,44,70,Tomato
31.3,64.4,388,6.28,44,31,62,Groundnut
20.5,42.0,315,7.7,34,31,33,Chickpea
12.4,49.4,412,6.83,55,33,28,Barley
21.8,63.0,494,7.36,67,52,42,Soybean
22.2,79.6,485,5.81,82,31,65,Maize
28.1,74.0,554,6.69,133,33,81,Sugarcane
28.7,90.0,434,6.76,118,33,64,Rice
26.1,46.1,330,5.61,40,34,31,Groundnut
21.7,74.9,569,6.64,96,37,77,Potato
26.7,36.2,360,7.27,26,47,56,Chickpea
24.1,69.0,442,6.35,81,39,83,Potato
23.9,65.3,484,5.79,83,78,80,Potato
22.9,46.8,519,6.33,99,37,37,Wheat
24.3,76.0,590,6.86,72,48,68,Rice
20.5,55.3,320,6.99,69,39,51,Tomato
16.5,61.8,456,7.19,54,22,48,Barley
27.1,56.1,498,6.4,20,53,67,Groundnut
26.5,43.5,433,5.62,59,49,41,Millet
29.5,64.1,371,6.44,35,42,66,Groundnut
33.6,65.5,255,5.87,76,39,77,Cotton
23.5,79.6,428,6.56,64,51,51,Rice
15.2,55.0,376,6.37,67,34,62,Wheat
26.7,45.2,250,7.4,82,44,42,Wheat
17.2,52.2,476,6.93,68,22,39,Wheat
18.5,79.8,454,6.5,74,65,62,Tomato
25.6,56.1,395,6.83,57,33,54,Tomato
18.2,64.4,275,7.09,60,45,62,Barley
21.3,56.6,411,5.68,56,45,100,Tomato
22.9,58.9,487,6.65,27,47,45,Groundnut
26.7,60.3,318,6.08,77,38,31,Maize
14.0,56.6,492,6.74,43,20,46,Barley
20.9,79.7,478,6.28,68,40,42,Soybean
31.0,82.9,481,6.89,106,48,97,Sugarcane
25.9,35.2,383,6.55,52,41,47,Chickpea
22.5,35.9,263,7.38,64,49,25,Barley
24.2,40.3,259,7.91,80,60,48,Cotton
23.7,72.9,405,6.13,69,34,88,Tomato
26.8,64.2,490,6.08,66,66,66,Tomato
25.9,66.9,456,5.59,78,55,74,Tomato
25.9,62.3,365,6.25,108,55,62,Maize
29.6,80.7,396,6.56,60,38,55,Rice
23.0,50.9,382,6.06,86,68,78,Tomato
22.8,63.9,275,7.34,50,21,55,Barley
15.4,60.4,363,5.28,56,52,120,Potato
28.4,85.0,562,6.37,108,58,77,Sugarcane
27.9,79.6,348,7.14,70,57,42,Soybean
31.7,70.8,522,6.47,78,61,35,Maize
29.2,74.2,577,6.03,62,47,64,Rice
31.2,74.5,368,6.33,118,51,39,Rice
26.8,81.0,559,6.15,103,44,90,Sugarcane
19.0,64.1,315,6.27,40,45,61,Wheat
31.9,70.0,515,6.12,63,68,67,Soybean
21.1,52.7,404,7.38,29,62,78,Soybean
30.9,55.4,338,7.0,29,31,76,Soybean
22.9,92.8,580,6.83,119,26,51,Rice
18.4,64.9,402,6.28,73,35,28,Wheat
32.8,63.5,308,7.48,62,26,33,Millet
22.7,46.2,492,6.88,62,42,35,Wheat
25.9,46.5,428,5.62,32,41,66,Groundnut
26.1,53.8,257,5.81,57,59,45,Groundnut
19.5,82.5,503,6.38,65,72,87,Potato
18.6,75.5,480,5.14,75,40,76,Potato
30.2,86.7,648,7.12,126,46,105,Sugarcane
24.1,41.7,270,6.72,57,41,45,Chickpea
28.4,71.3,561,6.0,90,31,68,Rice
18.6,47.8,545,6.19,73,47,55,Wheat
28.3,65.7,553,6.34,37,65,80,Soybean
33.0,69.0,455,7.83,77,33,75,Cotton
25.5,47.6,536,6.33,107,55,42,Maize
19.3,64.8,329,6.06,99,40,63,Wheat
22.6,92.0,390,5.63,91,29,59,Rice
23.7,76.4,582,6.16,98,68,108,Potato
32.9,56.1,474,7.31,65,44,88,Cotton
34.9,50.7,412,6.24,24,33,40,Millet
29.0,76.8,511,6.76,87,53,67,Tomato
25.3,72.0,564,7.12,65,51,50,Maize
18.7,38.7,447,7.15,84,35,61,Barley
22.9,66.1,555,6.86,81,32,98,Sugarcane
24.8,68.5,546,6.2,55,37,96,Tomato
22.6,73.7,550,5.8,95,52,34,Maize
26.9,87.1,732,6.81,121,70,94,Sugarcane
15.8,62.8,409,6.55,109,41,94,Potato
27.0,44.1,211,6.59,48,36,40,Chickpea
15.0,76.7,563,5.78,75,54,58,Potato
24.2,73.1,300,6.33,84,66,75,Tomato
31.4,75.0,653,6.54,100,40,31,Rice
23.2,77.9,657,7.28,98,51,118,Sugarcane
27.5,70.2,452,5.94,110,44,64,Rice
16.9,57.6,363,6.23,83,45,53,Wheat
36.5,66.5,357,7.81,53,41,42,Cotton
24.9,74.2,329,7.25,62,31,69,Cotton
21.3,77.5,502,5.7,58,64,58,Tomato
26.7,47.3,461,6.68,72,47,74,Cotton
30.1,62.3,431,6.05,27,26,49,Groundnut
26.8,65.0,463,6.22,33,42,64,Groundnut
27.4,52.3,251,6.71,26,36,40,Groundnut
26.2,60.4,309,6.66,30,38,64,Chickpea
27.0,77.0,471,6.42,79,67,63,Tomato
26.7,57.2,459,6.16,79,32,37,Wheat
12.2,55.8,321,6.6,73,45,50,Barley
25.2,65.6,484,7.9,75,52,47,Cotton
12.0,66.7,421,6.41,44,37,37,Barley
23.7,38.2,496,6.09,79,53,48,Barley
24.3,72.3,487,5.94,100,59,47,Tomato
30.0,70.2,598,7.18,47,61,73,Soybean
34.3,74.4,412,7.08,72,36,50,Cotton
25.6,59.8,345,5.91,83,45,75,Tomato
27.1,75.3,394,6.66,77,59,69,Tomato
32.0,82.1,501,6.12,65,32,34,Rice
28.6,78.9,560,6.2,106,28,68,Rice
29.9,52.7,443,6.05,61,64,72,Maize
22.6,63.3,313,5.47,54,77,69,Potato
15.2,54.1,268,6.84,40,25,63,Wheat
27.7,53.2,397,5.94,87,64,41,Tomato
21.4,51.2,430,7.37,51,50,44,Chickpea
32.6,65.0,430,7.34,105,33,40,Cotton
23.2,40.2,390,6.31,89,30,61,Wheat
22.3,73.0,615,6.59,121,69,54,Sugarcane
26.8,57.5,395,7.78,108,25,88,Cotton
22.5,50.9,357,6.48,52,38,42,Wheat
22.9,41.7,268,6.37,64,35,54,Barley
30.0,62.8,578,7.19,148,70,80,Sugarcane
27.8,61.9,227,7.84,52,41,67,Chickpea
15.9,58.7,310,6.28,93,29,26,Wheat
26.2,62.6,568,6.16,114,44,48,Maize
18.1,69.0,363,7.31,55,26,30,Barley
25.9,66.7,748,7.27,109,58,64,Sugarcane
27.9,48.0,373,6.35,104,67,36,Maize
20.8,40.2,311,6.16,80,27,54,Barley
25.3,81.6,381,5.81,86,49,62,Rice
21.0,63.7,464,6.36,62,61,31,Maize
19.1,77.7,420,6.11,91,59,78,Tomato
29.1,69.6,493,6.28,55,51,67,Cotton
25.2,74.4,376,5.69,86,58,32,Rice
23.0,83.8,417,6.19,84,57,82,Potato
23.3,43.9,264,7.01,44,48,51,Chickpea
21.9,36.7,351,6.62,55,39,47,Barley
31.6,68.6,568,7.07,71,34,53,Maize
26.8,83.1,667,6.66,84,34,68,Rice
29.7,67.2,260,5.86,43,59,65,Groundnut
25.5,51.3,476,6.76,38,46,55,Groundnut
23.0,85.7,370,5.96,88,27,62,Rice
27.1,52.0,479,5.84,69,47,67,Maize
25.9,72.9,530,6.77,99,36,68,Rice
29.0,47.2,286,5.89,42,57,54,Groundnut
26.2,50.1,435,6.18,42,28,52,Chickpea
17.4,66.5,320,6.78,82,50,42,Barley
16.9,53.4,460,6.33,54,22,56,Barley
24.7,55.1,204,6.1,51,44,57,Millet
28.6,68.6,668,6.38,124,45,117,Sugarcane
20.8,49.9,264,6.87,59,56,28,Chickpea
16.8,58.9,353,7.29,59,53,33,Wheat
20.4,62.8,255,6.86,40,31,30,Barley
18.4,54.6,302,6.82,66,32,50,Barley
30.7,65.9,456,6.91,26,51,40,Groundnut
28.0,49.4,334,5.87,50,25,20,Millet
18.6,71.8,413,6.41,64,38,79,Potato
24.2,57.6,341,6.43,21,31,60,Groundnut
24.6,74.1,648,6.05,114,54,92,Sugarcane
26.0,76.7,530,5.61,53,61,58,Tomato
37.5,61.2,296,6.94,109,57,84,Cotton
20.2,61.9,520,5.86,66,32,80,Maize
29.3,70.1,363,5.52,27,43,52,Groundnut
30.1,71.9,679,6.19,108,34,64,Sugarcane
26.9,47.6,299,5.71,41,20,38,Millet
19.3,67.8,469,6.13,51,78,58,Potato
22.7,48.9,460,5.97,67,63,38,Maize
24.2,62.8,282,7.48,58,42,54,Chickpea
30.4,56.8,292,6.74,21,30,28,Millet
22.6,69.7,447,7.0,29,49,54,Soybean
24.5,66.2,363,7.41,88,26,46,Cotton
17.1,67.4,365,6.13,103,44,67,Potato
22.7,44.3,412,6.52,90,43,55,Barley
19.7,56.7,414,6.39,99,48,40,Tomato
25.3,42.0,342,5.9,68,40,56,Millet
24.8,63.5,590,5.72,79,78,55,Potato
32.3,54.3,298,7.37,28,45,23,Millet
21.8,76.0,550,6.69,58,54,65,Soybean
25.7,60.6,489,6.75,85,67,65,Maize
25.8,50.5,401,5.82,25,48,35,Groundnut
21.3,71.5,545,7.23,46,39,27,Wheat
31.6,56.9,476,7.23,37,69,35,Soybean
31.8,74.0,576,6.33,87,60,25,Rice
27.7,64.4,485,6.47,40,20,68,Wheat
25.1,66.6,742,7.13,150,52,80,Sugarcane
27.6,71.5,468,6.13,27,50,64,Groundnut
29.3,64.1,660,7.3,106,59,102,Sugarcane
28.5,84.9,661,6.26,81,66,55,Sugarcane
15.8,44.6,412,6.92,72,55,49,Barley
17.8,44.8,366,7.17,55,38,64,Barley
19.8,63.1,406,6.3,75,49,97,Tomato
28.7,53.0,407,7.36,33,28,41,Chickpea
19.9,44.6,258,6.3,95,52,68,Wheat
26.9,48.7,235,7.36,20,42,26,Chickpea
30.1,52.1,257,5.71,28,26,68,Groundnut
19.5,63.7,315,6.56,56,51,57,Potato
22.3,79.8,323,5.65,66,66,59,Potato
26.1,56.1,287,6.75,70,32,85,Cotton
26.9,59.9,330,6.55,44,25,45,Groundnut
31.6,76.0,507,6.84,130,67,67,Sugarcane
30.5,77.5,423,6.71,118,28,60,Rice
23.2,64.0,310,6.95,66,64,48,Maize
26.5,69.8,638,6.08,146,67,65,Sugarcane
28.4,73.1,342,6.93,55,27,68,Groundnut
28.8,54.6,490,6.98,49,28,50,Groundnut
26.8,64.7,438,7.13,74,32,37,Wheat
26.7,50.9,515,6.21,60,52,42,Soybean
24.1,60.2,376,6.68,85,45,32,Maize
28.0,73.6,550,5.85,84,47,72,Tomato
28.1,60.0,439,6.46,33,49,30,Groundnut
28.8,62.1,331,5.76,38,38,22,Millet
24.0,59.4,309,6.23,75,27,53,Barley
29.6,90.0,461,6.64,103,30,58,Rice
15.7,74.2,475,5.59,67,31,61,Potato
24.9,87.4,634,6.49,91,34,37,Rice
26.8,41.4,286,5.8,49,50,28,Millet
24.7,74.1,399,6.63,32,45,39,Soybean
18.4,71.9,284,6.13,75,45,60,Wheat
23.7,78.0,361,6.16,61,34,108,Potato
31.3,58.3,303,6.34,23,40,54,Groundnut
24.9,61.3,456,7.43,104,56,74,Sugarcane
23.8,69.1,437,5.08,93,57,82,Potato
24.8,45.7,286,5.86,38,46,23,Millet
25.5,71.2,648,6.24,105,68,82,Sugarcane
21.4,51.7,425,6.92,79,59,61,Maize
29.1,68.4,376,7.01,80,35,69,Maize
35.0,53.6,323,6.8,27,32,43,Millet
30.1,94.2,513,6.5,105,29,60,Rice
36.5,51.2,388,6.76,53,47,61,Cotton
29.7,63.0,443,5.63,54,39,33,Millet
27.1,45.4,503,7.13,66,44,40,Wheat
30.5,63.3,393,6.42,60,34,61,Maize
25.1,61.6,478,6.86,85,34,63,Maize
23.2,74.1,353,6.5,42,23,42,Wheat
26.2,89.8,584,5.59,113,56,63,Rice
25.1,75.5,656,5.58,73,44,38,Rice
23.4,74.3,690,7.21,131,64,63,Sugarcane
31.3,55.4,340,5.84,23,42,41,Millet
21.7,74.7,364,6.23,30,70,66,Soybean
15.4,51.3,257,7.03,53,38,46,Barley
22.5,37.2,272,7.44,39,52,64,Chickpea
26.5,87.6,389,6.88,67,28,60,Rice
23.1,65.4,591,6.07,58,79,113,Potato
27.5,47.1,312,6.83,24,46,33,Chickpea
26.1,50.5,473,6.22,38,65,76,Soybean
24.8,84.9,491,6.33,93,37,30,Rice
34.6,51.8,462,7.77,101,38,83,Cotton
34.0,38.7,305,7.37,48,20,41,Millet
25.4,51.4,286,7.19,74,49,50,Wheat
22.8,42.6,423,7.17,56,28,34,Chickpea
23.0,91.8,445,6.05,72,54,32,Rice
30.1,74.5,398,5.98,36,29,70,Groundnut
21.5,79.1,317,6.33,116,34,80,Maize
33.6,79.4,530,6.36,146,48,113,Sugarcane
30.5,50.8,518,6.15,79,62,64,Maize
18.5,74.0,506,5.4,61,34,109,Potato
23.3,54.6,483,7.34,84,47,64,Wheat
23.6,70.8,532,6.27,75,67,66,Maize
17.8,38.6,325,6.99,75,40,48,Barley
30.3,63.7,332,7.47,54,31,21,Millet
22.6,60.4,378,6.29,28,38,58,Groundnut
28.7,71.9,393,7.38,66,56,39,Soybean
26.1,65.3,495,6.52,69,69,74,Soybean
15.3,53.9,292,6.16,79,29,30,Wheat
28.1,48.8,481,7.17,87,43,62,Maize
28.6,51.8,508,6.82,76,46,82,Tomato
24.6,45.2,368,7.01,56,47,62,Chickpea
21.0,43.4,492,6.76,40,44,34,Barley
19.2,71.4,507,7.02,57,23,29,Wheat
14.0,62.1,494,6.33,68,44,62,Barley
18.4,78.5,443,5.97,71,76,104,Potato
30.5,67.8,575,5.84,113,58,73,Maize
30.7,54.0,361,5.87,75,68,67,Maize
34.4,63.3,433,6.33,37,42,60,Millet
19.6,55.3,387,7.32,45,43,46,Wheat
28.1,31.9,223,7.24,46,29,30,Millet
24.7,76.7,516,5.48,54,30,100,Potato
24.5,41.6,324,6.31,57,60,34,Chickpea
16.0,83.3,579,6.7,101,35,80,Potato
20.7,55.0,345,7.98,23,55,64,Chickpea
29.9,65.7,466,7.7,101,28,73,Cotton
26.5,54.2,520,5.92,98,67,43,Tomato
28.4,61.9,255,7.42,100,25,48,Cotton
30.8,52.7,323,6.5,104,33,63,Cotton
25.5,91.0,354,6.93,60,49,44,Rice
34.2,50.3,247,6.94,27,27,46,Millet
22.5,46.6,309,6.3,76,52,73,Maize
23.6,83.8,632,6.11,74,32,54,Rice
35.3,62.9,446,7.3,82,58,81,Cotton
27.2,67.3,483,6.21,131,69,87,Sugarcane
33.6,73.3,397,7.12,59,54,41,Cotton
22.0,59.5,355,6.94,80,65,70,Maize
25.4,43.4,325,5.72,25,38,46,Millet
28.3,78.2,513,6.95,69,62,38,Maize
23.2,68.4,327,6.73,69,45,54,Soybean
28.0,51.9,331,6.55,59,53,67,Groundnut
12.7,38.7,392,7.11,36,31,25,Barley
25.5,71.8,544,6.15,48,36,55,Wheat
28.5,46.2,434,6.97,110,31,49,Cotton
25.8,73.2,590,6.62,29,47,68,Soybean
19.3,36.5,317,6.15,68,30,57,Barley
14.0,46.0,393,6.99,67,42,51,Barley
15.0,71.1,346,6.44,103,40,78,Potato
24.7,49.6,236,6.94,39,42,34,Chickpea
31.4,74.3,355,6.45,22,53,33,Groundnut
21.7,64.0,257,7.3,37,45,27,Chickpea
24.6,66.3,373,7.02,116,66,80,Maize
26.9,56.1,312,7.21,78,40,85,Cotton
27.9,88.2,562,6.48,113,56,64,Rice
20.1,68.1,434,6.4,70,70,46,Soybean
18.1,52.4,322,6.92,74,39,42,Barley
21.8,40.0,353,7.21,61,31,45,Wheat
31.1,71.1,450,6.52,85,45,51,Cotton
22.7,56.2,534,6.15,68,31,44,Wheat
24.6,48.2,373,7.31,53,34,37,Wheat
24.1,53.0,465,5.93,90,59,92,Tomato
33.3,65.6,659,6.47,146,34,79,Sugarcane
20.7,76.1,515,6.51,52,52,81,Potato
28.5,45.1,471,6.14,57,37,45,Groundnut
22.7,66.6,503,6.69,93,64,83,Potato
27.3,94.2,452,6.7,68,41,28,Rice
26.4,43.0,416,6.59,65,42,45,Millet
37.1,52.7,360,7.95,63,28,48,Cotton
27.3,69.2,522,6.86,45,31,52,Soybean
25.2,60.7,207,5.64,38,45,42,Millet
20.4,59.0,443,7.03,49,24,63,Barley
24.0,59.5,303,6.19,32,44,41,Groundnut
29.0,64.2,349,6.85,27,21,31,Millet
24.3,41.6,311,6.19,25,37,32,Millet
28.0,81.7,478,6.96,115,25,68,Rice
34.3,35.8,310,7.18,49,20,25,Millet
24.4,62.4,309,5.26,101,48,106,Potato
26.9,43.1,485,7.89,90,31,52,Cotton
23.2,66.0,346,6.86,111,53,69,Maize
24.2,74.1,517,6.36,127,66,85,Sugarcane
25.1,77.1,351,6.95,104,46,62,Maize
26.1,52.9,439,7.06,37,34,54,Chickpea
30.1,66.2,476,6.58,46,48,45,Soybean
22.7,58.5,480,6.72,74,54,73,Maize
19.5,70.7,329,6.79,98,32,70,Tomato
36.6,45.6,371,6.34,91,31,46,Cotton
22.8,76.1,385,6.4,96,67,94,Potato
33.6,51.5,355,7.35,32,21,31,Millet
26.3,73.4,499,5.85,50,52,90,Tomato
17.6,40.5,285,7.38,75,38,60,Wheat
22.0,56.2,499,6.02,25,62,65,Soybean
20.1,62.3,450,6.64,61,30,45,Tomato
20.2,61.6,455,6.06,96,41,69,Wheat
23.0,81.7,335,5.38,70,51,111,Potato
19.4,64.2,406,6.82,52,31,47,Tomato
23.6,52.6,451,5.83,50,32,66,Tomato
25.7,47.1,494,5.8,20,29,58,Groundnut
20.8,72.3,319,6.42,84,50,117,Potato
20.5,61.0,441,6.37,23,54,26,Chickpea
21.4,45.8,391,6.34,43,46,46,Chickpea
26.1,64.0,576,6.57,120,32,57,Maize
23.2,44.9,282,7.85,24,56,48,Chickpea
29.6,47.6,314,7.5,37,35,50,Millet
29.4,83.5,649,6.14,97,50,48,Rice
27.0,62.4,288,6.83,34,55,66,Groundnut
28.2,78.0,352,6.03,31,54,76,Soybean
25.1,35.9,280,7.0,56,55,67,Chickpea
23.9,82.9,550,6.14,129,47,100,Sugarcane
23.0,63.8,251,7.17,35,35,30,Chickpea
30.3,73.9,274,5.59,97,37,61,Cotton
27.9,45.3,210,6.02,44,25,56,Chickpea
24.2,63.3,356,7.59,92,28,39,Cotton
29.1,54.5,373,5.68,70,56,53,Tomato
25.1,80.2,556,6.55,95,33,37,Rice
23.8,59.2,358,6.3,99,41,96,Tomato
33.2,50.6,217,6.68,56,20,55,Millet
29.5,59.4,342,6.34,40,37,29,Chickpea
28.5,82.2,658,6.03,116,50,73,Sugarcane
29.5,56.8,269,6.94,32,40,41,Chickpea
21.3,65.5,475,5.74,110,33,108,Potato
30.5,62.2,744,6.51,147,57,52,Sugarcane
28.7,72.5,333,6.03,84,62,53,Maize
22.6,62.3,398,6.74,39,37,28,Barley
27.4,72.1,349,5.82,98,33,60,Cotton
31.3,54.3,479,6.13,46,41,80,Soybean
33.7,56.0,260,7.95,67,60,52,Cotton
23.8,69.0,476,7.0,68,30,50,Soybean
30.3,81.8,626,5.58,120,47,39,Rice
25.6,56.3,542,6.82,97,50,66,Tomato
16.1,40.7,315,6.06,81,29,46,Barley
30.6,73.8,357,6.49,67,44,36,Maize
18.1,69.9,418,6.72,65,56,72,Potato
24.9,69.5,501,6.58,94,63,61,Maize
25.1,76.0,464,5.64,63,58,61,Tomato
30.7,64.6,261,5.7,31,26,66,Groundnut
12.5,51.5,433,6.78,47,25,35,Barley
24.5,51.3,231,6.79,32,42,55,Chickpea
15.5,58.2,337,6.75,41,49,25,Barley
17.5,63.9,532,6.23,58,40,51,Wheat
24.1,52.3,463,5.5,66,33,57,Cotton
29.8,90.6,537,6.31,108,27,53,Rice
27.2,64.9,376,6.36,87,58,99,Tomato
17.9,73.7,308,6.72,58,32,92,Potato
31.6,84.7,553,6.89,79,35,61,Rice
26.0,56.3,253,5.7,34,45,34,Millet
16.2,36.5,301,6.21,71,21,61,Barley
31.4,68.5,620,7.03,110,60,105,Sugarcane
20.7,79.6,457,6.38,64,42,114,Potato
25.1,68.1,545,5.57,55,47,42,Tomato
29.6,50.4,361,7.99,96,42,68,Cotton
26.7,71.6,344,7.54,84,25,79,Cotton
26.9,64.2,319,6.48,81,39,51,Tomato
27.7,55.5,414,6.4,66,25,37,Wheat
25.3,51.0,364,6.66,27,55,33,Groundnut
23.0,72.6,280,6.09,81,29,69,Wheat
30.5,74.2,272,6.22,35,35,64,Groundnut
18.4,62.9,542,6.91,42,31,42,Wheat
30.1,50.7,481,6.85,60,52,75,Maize
19.4,64.2,342,6.47,40,20,29,Wheat
23.2,59.1,498,5.66,54,42,49,Tomato
13.2,69.0,421,7.12,84,23,45,Barley
25.6,42.4,408,7.3,27,26,43,Millet
31.0,78.1,425,5.6,77,60,70,Rice
26.3,54.7,445,6.89,109,55,82,Cotton
12.4,40.3,423,6.57,72,27,41,Barley
16.3,83.6,367,5.78,94,78,95,Potato
25.2,69.4,477,5.89,82,39,88,Tomato
32.7,51.8,378,5.84,62,27,56,Millet
21.4,55.7,491,6.22,91,31,80,Maize
30.6,70.7,441,6.46,67,68,58,Soybean
23.4,63.6,553,7.43,143,42,66,Sugarcane
29.8,45.9,354,6.39,22,31,58,Millet
30.2,71.9,640,5.59,102,33,40,Rice
14.7,45.6,496,7.09,49,36,57,Barley
22.6,57.5,388,5.82,101,50,30,Maize
23.4,79.2,510,6.47,75,32,26,Rice
25.4,73.6,513,6.6,115,47,50,Rice
26.1,56.5,548,6.87,79,24,55,Wheat
23.1,59.0,454,7.24,25,42,55,Soybean
25.5,72.8,697,6.52,91,58,67,Rice
25.7,46.8,445,5.82,29,46,68,Groundnut
24.0,62.3,588,6.26,34,30,72,Soybean
28.2,75.2,574,7.36,97,37,53,Sugarcane
29.9,65.2,446,6.8,60,49,64,Cotton
27.3,47.1,273,7.31,59,60,89,Cotton
34.5,62.7,389,7.52,52,48,36,Cotton
17.3,54.3,448,6.32,39,22,39,Barley
27.7,59.2,212,7.98,32,39,28,Chickpea
18.9,76.9,456,5.68,86,68,77,Tomato
23.5,48.9,474,6.84,119,42,77,Maize
34.8,66.5,681,6.46,118,51,79,Sugarcane
20.8,60.4,476,6.33,97,69,43,Tomato
21.5,57.2,483,7.32,51,60,48,Soybean
25.3,57.7,396,6.44,77,46,97,Tomato
34.4,57.4,381,7.87,109,37,51,Cotton
17.4,62.9,563,5.32,93,50,102,Potato
25.8,53.9,418,5.81,54,29,51,Cotton
19.3,80.0,418,6.94,70,70,97,Tomato
33.5,56.1,263,5.94,28,48,51,Millet
18.3,45.6,328,7.06,41,58,56,Chickpea
18.2,41.9,488,6.33,38,36,41,Barley
24.1,37.2,299,6.23,79,53,26,Barley
31.1,66.3,302,7.06,103,41,56,Maize
26.3,60.9,488,6.53,70,50,56,Maize
20.3,72.9,498,6.79,50,78,118,Potato
24.2,94.9,610,6.24,108,28,32,Rice
30.5,56.3,245,6.2,69,21,25,Millet
25.0,92.7,458,6.91,107,32,55,Rice
28.3,60.4,320,6.58,61,30,47,Millet
30.4,50.8,450,5.92,67,47,34,Maize
31.3,76.6,700,6.42,90,58,60,Sugarcane
27.7,85.7,450,6.47,140,46,66,Sugarcane
26.3,61.0,293,6.45,20,56,65,Groundnut
23.7,71.1,360,6.11,114,39,74,Maize
24.1,91.7,640,6.21,62,29,68,Rice
25.7,62.7,638,6.68,140,64,70,Sugarcane
27.7,86.3,625,6.48,143,62,99,Sugarcane
27.6,58.9,332,7.83,58,27,49,Chickpea
30.6,63.4,333,5.72,39,42,55,Groundnut
30.1,48.3,348,5.87,28,49,43,Groundnut
23.8,59.2,441,6.68,21,43,68,Chickpea
20.4,69.9,343,6.2,47,49,64,Wheat
30.6,49.6,397,6.07,84,53,50,Maize
16.9,66.2,368,6.23,97,66,84,Potato
32.6,53.8,428,7.96,81,32,88,Cotton
15.2,64.0,431,6.94,55,52,42,Wheat
20.4,66.0,493,6.4,44,36,46,Barley
18.4,40.2,253,6.87,47,53,25,Wheat
14.4,46.0,280,7.22,80,33,60,Barley
23.3,45.5,409,5.68,23,36,56,Groundnut
29.8,62.8,326,6.67,48,50,41,Groundnut
31.1,51.9,250,5.95,35,39,34,Groundnut
23.6,58.4,259,6.48,40,54,28,Chickpea
17.6,41.1,426,6.07,48,46,25,Barley
29.4,66.9,591,7.41,63,62,39,Soybean
32.3,62.9,257,5.83,51,45,22,Millet
24.2,69.6,317,6.26,25,32,41,Groundnut
25.3,63.0,258,5.66,44,31,40,Groundnut
30.7,79.5,582,6.45,83,35,48,Rice
25.4,59.0,468,5.99,89,26,56,Cotton
19.4,61.9,310,6.63,52,57,105,Potato
28.1,69.4,375,6.17,89,39,46,Maize
16.6,48.8,328,6.31,83,20,44,Wheat
15.7,72.6,404,6.74,76,55,47,Wheat
24.8,58.1,403,5.81,33,40,51,Groundnut
19.5,35.6,248,7.29,51,41,38,Chickpea
27.7,93.8,613,6.98,103,31,33,Rice
23.9,83.4,421,6.13,77,54,40,Rice
29.0,71.9,538,6.08,102,61,61,Maize
27.4,82.6,417,6.9,116,29,40,Rice
19.2,70.4,511,6.19,61,55,68,Tomato
20.4,70.8,334,6.5,61,41,54,Maize
28.6,51.7,436,6.2,91,54,38,Maize
20.4,51.2,455,7.04,70,61,57,Maize
35.3,56.0,397,7.24,96,50,65,Cotton
29.4,51.7,524,7.14,47,37,43,Soybean
15.5,43.8,267,6.7,76,35,50,Barley
27.8,49.4,314,7.46,101,25,42,Cotton
23.6,72.4,507,5.93,101,39,51,Potato
29.2,88.5,693,5.8,87,29,67,Rice
22.1,58.4,364,6.79,59,43,54,Soybean
24.4,77.6,339,6.68,80,70,49,Tomato
29.8,39.9,440,6.4,26,44,46,Millet
19.7,61.5,367,6.36,50,47,96,Potato
32.0,45.1,592,6.05,118,34,45,Maize
24.5,75.8,750,6.47,95,55,78,Sugarcane
19.4,72.8,533,6.25,66,39,71,Tomato
19.1,47.6,543,6.4,100,32,56,Wheat
19.2,68.1,282,7.02,74,38,65,Barley
19.0,39.1,328,6.58,36,32,49,Barley
19.8,62.0,477,6.48,53,39,89,Tomato
29.0,62.9,586,7.22,39,46,55,Soybean
24.7,49.6,280,5.81,60,45,72,Cotton
22.5,61.1,569,6.57,64,46,37,Soybean
28.2,47.3,312,6.96,87,55,64,Cotton
24.7,38.2,487,7.24,35,23,55,Barley
18.2,63.3,224,7.89,21,44,60,Chickpea
23.8,71.5,408,6.4,48,35,36,Groundnut
29.2,68.7,378,6.42,71,43,75,Maize
20.0,47.9,375,7.4,43,27,51,Chickpea
21.8,39.0,274,6.71,56,50,31,Chickpea
23.2,82.0,333,5.86,89,43,107,Potato
25.0,45.9,255,6.15,32,40,50,Chickpea
29.9,71.2,380,5.59,46,51,49,Groundnut
24.4,46.7,446,6.06,46,34,30,Barley
18.5,53.7,528,6.71,52,36,49,Wheat
25.8,59.3,369,7.24,41,41,70,Soybean
23.0,83.2,471,6.13,63,34,70,Rice
18.0,72.4,393,6.63,51,40,42,Tomato
19.3,57.0,328,7.0,31,51,38,Chickpea
24.4,84.3,406,5.79,88,45,51,Rice
29.0,87.3,600,5.98,82,60,42,Rice
23.1,84.4,745,6.81,116,61,116,Sugarcane
32.2,85.9,680,6.2,121,57,90,Sugarcane
27.5,57.0,435,6.16,46,50,43,Groundnut
24.5,75.3,321,6.91,85,57,70,Tomato
24.9,48.7,466,6.65,36,57,51,Groundnut
26.1,75.3,372,7.03,30,33,67,Soybean
26.0,73.5,410,6.96,21,53,64,Groundnut
18.2,83.8,381,6.49,93,70,50,Potato
27.4,85.8,644,5.86,69,43,52,Rice
21.8,48.9,212,7.69,52,53,59,Chickpea
25.3,68.0,588,7.31,145,44,90,Sugarcane
29.0,56.3,496,6.53,51,60,36,Cotton
24.9,89.6,491,6.51,92,63,82,Sugarcane
24.2,35.1,406,7.39,33,32,44,Millet
27.7,76.1,526,6.78,116,55,79,Maize
26.9,73.5,403,5.71,28,26,49,Groundnut
24.8,53.1,475,6.41,65,61,54,Soybean
20.2,50.6,519,5.93,59,37,64,Tomato
23.0,69.6,452,5.73,58,64,56,Potato
21.4,56.0,326,6.98,36,43,42,Chickpea
27.9,59.5,385,6.54,31,34,27,Chickpea
24.3,31.6,252,7.08,39,27,38,Millet
36.2,56.5,261,7.55,86,43,88,Cotton
18.3,65.7,513,6.41,59,60,52,Tomato
30.7,92.7,542,5.62,102,59,33,Rice
18.4,64.1,340,6.23,108,50,73,Potato
25.4,59.4,392,7.93,52,41,35,Chickpea
24.1,76.6,690,7.05,115,45,64,Sugarcane
24.3,46.6,585,6.17,69,62,68,Maize
23.3,46.5,315,5.78,53,49,41,Groundnut
26.8,79.2,416,7.02,25,55,74,Soybean
24.0,38.1,262,7.37,76,48,38,Barley
22.9,39.9,345,6.83,56,37,47,Barley
29.3,67.1,492,6.57,89,55,69,Tomato
29.8,81.4,500,5.8,110,37,27,Rice
12.1,69.8,373,6.67,49,37,53,Barley
27.0,54.9,403,6.71,22,49,60,Groundnut
25.3,61.6,277,6.7,100,20,29,Wheat
32.9,46.5,459,7.36,65,35,67,Cotton
18.6,65.5,476,6.17,54,34,39,Barley
30.7,74.0,504,6.78,46,69,37,Soybean
30.6,66.6,361,6.19,94,36,52,Cotton
28.0,87.3,525,6.67,128,65,70,Sugarcane
23.1,71.3,531,6.18,102,50,51,Maize
24.0,79.4,406,6.56,41,52,76,Soybean
35.9,67.3,285,6.24,59,60,61,Cotton
24.2,65.1,394,6.09,32,55,47,Soybean
26.2,67.8,483,6.24,116,64,79,Maize
32.5,45.1,263,7.0,37,48,28,Millet
25.0,52.9,323,7.18,65,48,25,Millet
25.4,55.7,505,6.67,47,51,66,Wheat
24.9,49.9,304,6.82,56,60,52,Cotton
26.9,93.5,608,6.2,72,32,46,Rice
25.0,30.0,425,6.27,31,45,36,Millet
24.1,77.1,550,6.67,149,53,83,Sugarcane
23.8,85.2,545,6.43,75,56,62,Rice
22.2,69.6,454,6.82,36,39,46,Barley
34.3,61.6,482,6.68,60,25,85,Cotton
28.0,80.0,370,5.57,68,46,55,Rice
22.4,71.5,553,6.26,100,57,51,Rice
26.3,39.5,447,6.49,54,25,68,Chickpea
24.8,58.5,319,6.12,60,21,30,Barley
25.1,73.0,427,6.26,71,53,56,Tomato
15.8,47.8,290,6.91,86,44,50,Wheat
25.8,50.1,423,6.41,100,64,42,Maize
33.3,55.8,317,5.8,85,30,57,Cotton
30.0,76.0,391,7.36,31,41,80,Soybean
35.4,65.7,437,6.03,83,42,71,Cotton
18.1,44.3,282,7.04,76,48,38,Barley
26.2,58.4,325,6.17,60,34,56,Groundnut
25.1,57.0,305,6.26,78,25,42,Wheat
23.3,62.3,417,6.88,94,37,62,Tomato
25.5,68.2,338,7.22,56,50,86,Cotton
30.1,69.1,394,7.44,56,39,37,Soybean
28.9,76.2,386,5.89,72,51,42,Maize
15.1,59.0,259,6.12,69,45,46,Barley
21.9,64.7,317,5.92,67,62,49,Maize
27.5,60.3,327,6.79,44,47,70,Chickpea
37.4,54.7,443,5.85,108,44,85,Cotton
33.4,33.3,338,5.69,43,37,23,Millet
25.4,69.0,543,6.52,102,42,30,Maize
27.9,48.5,352,6.16,27,25,26,Millet
25.0,50.2,530,6.9,83,36,94,Tomato
29.9,88.7,553,7.08,133,32,51,Sugarcane
26.8,70.3,460,6.84,51,33,47,Groundnut
24.0,66.1,482,6.04,44,50,38,Soybean
25.6,45.1,433,6.94,33,37,33,Millet
32.2,44.2,331,7.65,98,51,75,Cotton
23.7,59.2,310,6.43,30,39,64,Groundnut
23.0,72.2,570,6.17,95,57,51,Rice
27.9,62.2,456,6.39,89,47,76,Tomato
36.7,58.7,312,6.46,81,50,58,Cotton
29.5,69.7,396,6.01,35,42,56,Groundnut
30.7,70.8,484,6.02,112,30,53,Rice
24.5,58.2,366,6.63,76,29,52,Wheat
23.4,70.2,543,7.13,102,37,72,Maize
28.2,72.4,368,6.86,74,52,41,Cotton
31.2,86.4,705,6.14,113,55,75,Sugarcane
28.0,35.8,408,7.86,26,57,26,Chickpea
30.2,84.4,439,6.21,101,53,42,Rice
24.4,80.2,634,6.64,104,55,66,Rice
27.9,66.3,410,6.61,40,57,69,Soybean
35.4,45.0,500,6.09,78,54,42,Cotton
27.4,61.1,420,6.7,58,38,42,Tomato
21.5,78.3,568,6.35,54,56,96,Potato
32.0,74.9,680,6.17,68,30,46,Rice
28.0,74.1,562,6.08,88,54,60,Maize
27.4,49.5,332,5.74,41,30,54,Groundnut
27.4,69.0,264,7.37,57,34,59,Cotton
23.4,74.8,656,6.26,116,33,29,Rice
22.8,68.6,491,5.48,61,63,100,Potato
26.7,66.0,582,6.38,82,38,65,Sugarcane
19.6,71.4,346,6.21,58,61,87,Potato
35.6,70.1,450,6.31,82,26,54,Cotton
17.8,44.0,472,6.49,50,37,62,Wheat
26.9,74.8,497,6.66,62,63,47,Soybean
30.5,30.9,384,7.1,33,32,46,Millet
22.2,72.7,314,6.21,76,45,69,Maize
25.2,64.9,261,7.43,29,21,38,Millet
31.3,87.0,644,6.9,140,31,81,Sugarcane
29.6,46.4,441,6.14,91,30,88,Cotton
37.7,66.7,363,7.13,58,32,71,Cotton
24.6,50.6,393,6.88,40,40,40,Groundnut
29.1,74.8,398,7.02,64,70,40,Soybean
23.0,54.7,480,5.98,48,57,56,Groundnut
22.4,55.6,318,6.55,84,38,63,Maize
37.2,56.9,387,7.22,60,52,57,Cotton
25.9,38.8,331,6.65,54,42,64,Chickpea
30.5,91.5,544,6.93,100,56,59,Rice
25.2,72.7,352,6.91,88,48,42,Rice
21.0,70.5,347,6.03,63,35,77,Maize
31.3,60.8,368,6.16,103,67,50,Maize
31.4,46.2,378,6.27,28,48,26,Millet
29.5,84.2,497,6.16,89,44,69,Rice
19.6,60.2,368,6.85,53,55,67,Chickpea
25.5,44.8,512,6.45,84,55,45,Wheat
15.8,67.9,451,7.02,58,25,37,Barley
28.6,48.7,395,7.06,93,30,58,Cotton
24.9,76.9,625,5.93,109,54,61,Rice
23.3,60.1,731,7.0,101,44,92,Sugarcane
28.8,53.5,317,7.09,83,70,75,Maize
26.7,84.0,477,6.06,88,47,63,Sugarcane
29.5,34.0,342,5.82,57,47,57,Millet
28.4,65.3,583,7.37,63,61,66,Soybean
27.5,54.3,319,6.73,61,46,67,Cotton
29.4,75.8,435,6.38,60,51,53,Soybean
29.9,66.2,426,6.54,118,66,61,Maize
20.4,65.6,339,6.44,64,30,48,Tomato
25.2,77.8,553,6.98,94,55,41,Rice
22.6,71.2,304,6.31,114,66,36,Maize
20.6,53.4,552,7.18,62,37,40,Soybean
25.1,73.5,491,6.47,75,60,63,Rice
26.3,75.6,550,5.93,82,66,48,Maize
24.4,68.4,369,6.25,61,31,50,Barley
31.5,76.2,442,6.7,115,40,75,Maize
31.9,60.2,313,7.15,75,34,47,Maize
18.5,39.2,488,6.59,86,34,36,Barley
25.6,64.3,384,6.22,58,39,63,Groundnut
30.9,45.0,357,6.4,47,28,49,Groundnut
31.6,69.6,385,6.43,35,44,47,Soybean
13.8,61.7,385,7.28,77,44,61,Barley
12.2,43.3,315,7.36,57,54,57,Barley
30.0,57.2,420,7.38,63,51,39,Soybean
30.7,68.2,344,6.62,44,33,56,Groundnut
15.7,69.7,524,5.86,52,79,80,Potato
33.6,42.8,410,5.73,95,39,48,Cotton
31.2,93.3,438,6.33,91,43,33,Rice
13.4,62.4,464,6.62,58,38,60,Barley
33.6,40.6,373,5.63,99,49,79,Cotton
25.9,44.7,419,7.32,69,48,47,Wheat
23.9,72.0,317,5.92,33,45,68,Groundnut
30.8,49.9,600,6.64,69,43,49,Maize
30.1,75.3,541,7.14,27,44,49,Soybean
27.4,64.1,513,5.73,62,68,96,Tomato
27.8,54.0,472,6.67,43,25,41,Groundnut
20.5,59.7,337,7.24,28,37,69,Chickpea
21.8,61.8,553,6.05,71,41,42,Maize
16.3,71.9,497,7.2,83,48,36,Wheat
31.2,76.1,503,7.21,109,52,120,Sugarcane
30.1,61.8,340,6.26,42,47,64,Groundnut
15.9,57.2,300,6.94,56,39,64,Barley
26.4,64.0,477,7.29,75,31,72,Cotton
25.6,53.7,395,6.53,28,33,37,Millet
16.6,75.1,544,5.6,87,34,107,Potato
29.4,69.0,574,6.24,141,34,90,Sugarcane
24.0,65.6,270,6.21,75,27,44,Wheat
26.4,71.2,515,6.55,140,34,52,Sugarcane
33.2,46.5,285,6.67,70,48,71,Cotton
12.3,67.7,260,7.12,72,22,31,Barley
31.8,78.5,464,5.82,83,32,77,Maize
27.2,46.6,476,6.0,68,41,79,Cotton
30.2,75.9,424,5.88,71,34,66,Rice
21.4,36.9,461,6.43,53,34,39,Barley
23.9,77.3,471,7.17,51,66,49,Soybean
27.7,83.3,655,6.31,80,43,43,Rice
19.2,58.2,324,7.27,45,25,25,Chickpea
26.9,48.5,332,6.8,115,64,41,Maize
18.7,54.4,439,6.87,29,52,43,Chickpea
29.0,46.6,429,6.51,84,49,55,Maize
30.1,53.1,430,6.13,67,38,33,Millet
30.7,82.3,356,6.36,90,55,53,Rice
25.5,63.5,496,6.91,100,41,46,Tomato
23.4,44.2,219,7.86,50,54,27,Chickpea
22.5,74.6,494,6.71,149,35,60,Sugarcane
21.3,61.0,315,6.5,60,60,78,Potato
25.7,78.5,577,6.34,103,49,92,Sugarcane
31.1,50.3,594,5.88,100,63,48,Maize
26.0,74.7,279,5.99,45,59,68,Groundnut
31.9,76.0,702,6.34,82,34,63,Sugarcane
18.8,60.1,313,6.29,90,33,63,Tomato
20.9,82.4,437,6.3,110,70,92,Potato
14.8,42.1,453,7.16,50,53,39,Barley
19.6,54.3,303,6.85,66,45,65,Barley
22.5,59.8,371,5.5,38,25,67,Groundnut
27.9,60.0,327,6.3,42,25,41,Groundnut
34.3,81.9,636,7.35,150,56,97,Sugarcane
25.6,37.6,344,6.32,28,45,30,Chickpea
27.0,76.9,397,6.07,88,36,34,Maize
25.0,91.9,490,5.64,83,41,30,Rice
26.4,55.7,367,7.16,25,54,49,Chickpea
23.9,61.1,516,6.6,117,56,47,Maize
20.1,77.9,502,5.79,82,48,115,Potato
24.2,82.1,651,6.96,93,43,31,Rice
24.0,60.4,388,5.55,60,29,59,Groundnut
22.7,76.0,692,6.23,94,33,61,Rice
29.3,68.6,577,6.12,93,30,53,Sugarcane
20.6,60.7,412,7.07,65,44,52,Wheat
23.5,54.9,341,6.49,58,48,43,Tomato
31.1,72.0,306,7.79,74,53,90,Cotton
21.8,48.9,402,6.3,96,23,67,Wheat
34.0,61.7,657,7.22,99,56,110,Sugarcane
26.4,69.8,434,7.2,60,47,32,Wheat
34.9,65.7,352,6.88,72,38,61,Cotton
14.7,45.7,398,6.99,53,40,62,Barley
34.9,64.9,469,6.4,141,34,78,Sugarcane
25.1,42.9,306,7.45,41,44,63,Chickpea
31.7,30.6,414,6.76,62,39,56,Millet
28.1,71.7,389,6.68,24,51,36,Groundnut
33.5,31.7,273,6.22,42,25,25,Millet
24.9,62.9,214,6.7,51,28,41,Chickpea
30.4,61.9,461,6.58,124,53,98,Sugarcane
23.4,64.7,546,5.9,68,60,42,Maize
29.7,67.6,367,6.44,90,67,63,Tomato
21.8,50.6,493,7.43,90,34,55,Barley
26.5,51.0,308,6.14,42,48,35,Chickpea
24.1,70.0,548,6.04,69,49,33,Wheat
24.2,85.4,687,6.28,89,26,28,Rice
23.5,82.0,306,5.06,108,74,63,Potato
37.9,46.4,348,6.38,81,52,65,Cotton
22.1,69.3,418,6.5,42,34,56,Soybean
29.3,62.2,693,7.41,129,48,99,Sugarcane
26.7,36.8,434,6.71,57,36,59,Chickpea
20.0,70.8,310,5.7,75,30,56,Tomato
12.9,64.4,329,6.45,63,52,56,Barley
27.9,56.5,324,6.7,33,38,53,Millet
34.6,35.1,404,6.42,28,31,37,Millet
27.8,52.3,337,6.67,103,30,71,Cotton
30.4,85.5,472,5.69,102,32,61,Rice
19.2,78.8,581,6.15,62,50,89,Potato
22.1,71.8,547,6.88,80,56,84,Tomato
33.2,62.6,499,6.89,94,67,67,Sugarcane
28.0,80.4,622,6.04,81,31,53,Sugarcane
19.9,55.0,534,6.4,50,36,25,Wheat
22.8,82.9,674,6.43,65,40,68,Rice
25.8,47.9,387,5.91,41,60,33,Groundnut
33.2,51.2,349,6.62,100,55,87,Cotton
22.4,56.0,458,5.77,60,49,93,Tomato
30.6,34.5,406,7.38,55,39,60,Millet
19.9,39.4,268,7.16,68,55,33,Barley
23.3,43.9,517,6.99,42,28,36,Wheat
26.9,84.1,593,6.72,83,46,68,Rice
30.0,52.6,467,6.86,66,70,44,Soybean
29.5,93.0,665,6.53,115,38,30,Rice
22.7,81.6,494,6.66,79,45,30,Rice
19.9,60.5,486,6.42,85,50,46,Tomato
23.6,58.8,362,6.96,106,65,47,Maize
28.3,87.4,382,6.69,85,38,52,Rice
21.5,77.0,352,5.55,64,61,72,Tomato
26.8,78.0,392,6.71,61,49,40,Maize
26.1,60.1,487,5.51,60,49,47,Groundnut
24.1,45.7,289,6.94,50,50,35,Groundnut
20.5,43.5,516,6.4,78,28,51,Wheat
22.1,60.4,624,7.31,89,39,108,Sugarcane
29.4,78.3,372,6.03,81,36,68,Rice
29.3,76.8,354,6.66,42,34,73,Soybean
24.4,87.4,503,6.53,114,30,66,Rice
24.2,54.4,279,6.61,67,50,59,Barley
23.0,82.1,372,5.82,72,63,73,Potato
34.6,51.1,331,6.0,53,56,66,Cotton
16.6,66.5,531,5.43,58,56,59,Potato
28.6,57.1,391,5.61,38,31,44,Groundnut
28.8,62.8,333,7.47,51,47,35,Soybean
29.6,53.8,398,7.67,55,52,58,Chickpea
23.0,61.6,474,6.97,112,51,63,Maize
32.5,70.8,710,6.46,131,56,80,Sugarcane
25.2,51.0,306,7.29,27,46,64,Soybean
26.6,62.6,395,6.99,27,56,69,Soybean
22.9,54.3,487,7.45,47,65,36,Soybean
23.5,74.9,382,7.36,65,44,27,Wheat
26.6,89.5,703,6.02,133,40,96,Sugarcane
22.0,40.8,450,7.37,59,28,70,Chickpea
23.3,60.9,297,6.41,40,33,68,Chickpea
13.4,66.7,334,7.04,38,34,38,Barley
24.8,38.5,261,7.71,23,54,45,Chickpea
27.7,69.4,561,6.73,25,47,64,Soybean
31.3,53.2,487,6.71,60,58,65,Cotton
24.2,58.9,338,6.48,55,43,76,Soybean
29.1,52.7,506,6.14,75,48,86,Tomato
19.5,54.2,294,6.12,26,42,64,Chickpea
31.0,86.9,430,5.61,120,47,62,Rice
23.0,50.2,253,7.25,44,34,61,Barley
16.2,52.4,405,7.47,40,26,37,Barley
18.1,48.6,475,7.38,75,32,45,Barley
32.8,39.0,389,7.4,47,35,53,Millet
22.4,61.5,436,6.27,61,67,46,Soybean
22.8,62.0,536,6.53,76,33,70,Tomato
20.1,48.8,243,7.24,32,38,65,Chickpea
29.8,58.1,305,5.69,34,41,54,Groundnut
13.3,58.1,378,6.69,48,24,26,Barley
27.9,47.4,340,6.08,36,27,68,Groundnut
37.2,50.3,257,5.9,52,43,44,Cotton
24.3,64.9,448,6.75,49,40,43,Millet
22.9,50.1,440,6.62,89,24,59,Barley
25.8,44.3,377,6.58,68,35,27,Wheat
27.3,61.3,240,7.86,21,29,49,Chickpea
36.6,57.6,378,7.52,59,26,72,Cotton
25.7,66.1,507,7.18,92,47,39,Maize
34.0,40.6,448,6.58,51,35,28,Millet
22.7,61.6,496,5.62,60,56,49,Groundnut
21.6,62.3,401,5.86,91,77,115,Potato
24.5,31.8,411,5.93,63,22,50,Millet
29.9,47.5,478,6.15,103,28,40,Cotton
23.4,75.0,619,5.87,111,59,26,Rice
29.4,60.1,592,6.71,53,58,62,Soybean
29.8,77.9,478,6.62,59,35,60,Tomato
19.5,50.0,277,6.15,36,26,59,Chickpea
29.6,76.1,353,6.9,61,39,59,Rice
29.3,46.4,209,5.53,23,42,38,Millet
33.1,82.5,461,6.81,114,43,112,Sugarcane
18.3,60.4,206,6.94,43,41,47,Chickpea
27.3,47.9,424,7.35,82,28,30,Wheat
23.9,44.0,201,7.48,36,48,57,Chickpea
15.2,66.2,294,6.29,76,28,53,Barley
21.5,54.4,529,6.86,42,22,61,Wheat
26.7,51.3,313,6.06,25,25,46,Millet
25.0,61.0,508,6.54,96,34,60,Potato
18.6,45.6,202,7.0,41,33,62,Chickpea
28.6,50.7,342,6.95,62,62,56,Soybean
27.1,82.4,400,6.7,106,55,45,Rice
25.4,74.7,604,6.05,111,58,42,Rice
29.3,77.8,510,6.5,83,34,68,Rice
34.5,82.5,544,6.01,101,46,103,Sugarcane
23.4,72.5,593,6.74,105,54,63,Maize
33.0,62.7,614,7.37,148,63,100,Sugarcane
25.1,59.4,456,6.71,52,35,67,Soybean
26.1,86.9,471,6.95,99,43,53,Rice
23.1,60.3,477,6.5,91,50,95,Sugarcane
21.9,57.0,240,6.98,60,44,70,Chickpea
21.1,48.7,583,6.05,112,68,61,Maize
26.4,36.7,376,6.62,24,54,55,Chickpea
24.9,69.4,356,7.49,35,41,63,Barley
23.5,57.5,421,6.38,26,40,45,Groundnut
33.2,39.1,375,5.6,62,21,46,Millet
22.8,82.1,331,5.55,70,60,67,Potato
27.2,69.2,391,6.66,69,58,95,Tomato
27.6,62.2,404,7.52,108,53,67,Cotton
28.4,56.8,221,5.76,61,35,55,Millet
24.7,77.5,453,6.52,90,67,97,Sugarcane
24.9,58.2,492,5.91,45,52,50,Groundnut
22.9,79.3,383,6.23,89,35,68,Tomato
25.9,85.4,503,6.39,92,57,59,Rice
20.0,74.7,448,6.67,82,31,59,Potato
27.6,62.5,466,7.34,94,42,54,Wheat
31.6,55.9,489,6.66,51,35,65,Soybean
25.6,49.1,314,7.28,60,37,36,Chickpea
37.0,56.1,345,5.94,88,35,69,Cotton
23.1,73.1,581,6.05,114,32,76,Maize
26.2,54.2,418,6.3,48,64,49,Soybean
29.0,82.2,502,7.02,150,58,67,Sugarcane
22.3,52.2,577,6.35,87,37,44,Maize
24.6,47.2,208,5.61,67,47,25,Millet
23.6,64.5,365,5.12,61,50,109,Potato
24.3,55.6,455,6.86,78,35,69,Tomato
22.6,83.3,401,6.67,97,76,77,Potato
28.1,81.9,514,6.25,145,45,102,Sugarcane
24.4,68.0,293,6.96,47,26,53,Groundnut
32.7,55.9,384,5.57,34,49,23,Millet
19.9,66.8,541,5.92,75,51,51,Tomato
18.9,64.6,338,5.17,93,71,120,Potato
23.7,68.9,335,6.6,54,59,44,Groundnut
29.6,59.3,516,5.72,65,52,75,Tomato
26.8,63.3,396,6.9,87,55,77,Tomato
23.1,58.8,295,6.51,39,30,58,Barley
25.1,63.7,401,6.75,46,34,45,Groundnut
17.4,69.0,387,7.28,39,43,62,Barley
27.0,37.5,314,7.01,27,52,54,Chickpea
28.3,78.7,502,6.93,65,38,38,Maize
20.0,62.9,399,6.27,75,45,47,Barley
27.6,63.1,403,7.04,97,26,65,Wheat
19.5,63.5,341,6.76,84,40,70,Wheat
27.8,89.0,712,7.16,106,41,64,Sugarcane
12.1,53.0,319,6.69,78,24,33,Barley
18.0,64.7,354,5.51,59,61,66,Tomato
28.2,64.6,451,6.19,58,46,69,Tomato
33.6,55.8,334,6.31,62,44,22,Millet
19.3,57.5,287,6.38,63,37,30,Barley
26.2,48.9,444,6.18,23,51,65,Groundnut
20.4,79.8,385,6.6,36,59,51,Soybean
32.7,58.7,216,5.74,47,36,21,Millet
24.2,59.7,432,6.33,77,31,49,Wheat
29.9,57.4,386,6.73,84,39,59,Cotton
33.5,53.5,352,7.92,56,41,54,Cotton
31.5,83.0,495,6.77,76,37,65,Rice
31.6,76.0,474,7.45,129,42,95,Sugarcane
34.9,45.4,321,6.37,44,42,22,Millet
12.4,39.5,268,6.86,37,27,60,Barley
23.1,66.9,582,6.09,88,44,50,Maize
21.0,76.5,482,6.54,28,34,55,Soybean
27.5,56.1,485,7.34,95,21,55,Wheat
27.5,63.8,295,6.43,34,47,55,Groundnut
29.4,65.0,428,5.7,20,46,69,Groundnut
24.3,88.0,511,5.68,94,36,37,Rice
24.9,43.0,260,5.83,58,36,43,Millet
34.1,60.0,395,6.17,65,25,35,Millet
34.9,56.0,223,5.56,46,44,23,Millet
16.3,36.2,312,7.07,55,43,47,Barley
32.9,31.0,256,6.42,23,50,37,Millet
26.7,56.4,370,6.54,20,31,47,Groundnut
15.7,43.9,326,7.03,98,50,56,Wheat
22.4,68.7,637,7.02,125,66,61,Sugarcane
31.7,74.4,355,6.11,58,28,47,Groundnut
28.7,55.1,393,6.37,46,33,70,Groundnut
24.4,74.3,433,6.56,86,79,113,Potato
28.9,78.0,503,6.68,81,43,64,Tomato
15.0,50.1,470,6.94,66,23,44,Barley
15.7,84.5,379,5.92,87,60,72,Potato
20.3,78.8,317,6.98,102,33,74,Maize
29.4,72.7,386,6.13,39,41,40,Groundnut
23.9,56.0,405,6.3,37,39,65,Groundnut
16.9,40.7,395,7.48,65,21,38,Barley
24.5,68.0,561,6.65,86,39,50,Maize
18.4,67.2,355,5.71,71,68,94,Potato
37.2,60.0,437,6.61,58,54,53,Cotton
26.4,73.4,474,6.37,32,67,75,Soybean
37.3,59.9,285,5.82,71,28,40,Cotton
27.7,41.4,367,7.21,33,26,37,Chickpea
29.4,50.1,359,6.47,57,53,59,Chickpea
23.4,90.4,637,6.26,91,51,68,Rice
31.4,78.6,584,6.43,60,59,69,Maize
22.6,50.9,427,6.3,52,54,25,Barley
23.9,44.4,393,6.14,52,48,31,Chickpea
19.1,65.0,291,6.73,80,31,45,Wheat
26.5,75.8,453,5.7,109,31,34,Rice
23.7,45.0,421,6.45,35,44,25,Chickpea
27.3,81.4,423,6.11,101,34,29,Rice
31.0,45.7,583,7.15,103,36,45,Maize
24.5,62.1,206,6.39,46,39,43,Millet
22.7,78.2,585,6.71,100,44,35,Maize
27.6,69.0,471,6.69,149,44,101,Sugarcane
16.6,69.8,360,6.69,90,32,70,Wheat
24.6,61.9,427,6.23,48,43,31,Groundnut
15.3,65.7,530,6.73,51,61,119,Potato
30.5,89.9,531,6.9,114,36,36,Rice
18.4,73.7,375,5.73,98,52,119,Potato
29.0,74.0,305,6.38,48,52,54,Soybean
28.0,53.9,358,5.89,69,48,51,Millet
34.0,83.9,460,6.29,117,54,118,Sugarcane
24.7,49.1,434,6.84,99,36,47,Wheat
24.4,73.4,362,6.55,75,58,54,Maize
27.9,65.8,540,5.97,76,32,34,Maize
24.8,55.8,386,6.94,60,36,34,Maize
22.8,60.5,501,5.75,52,46,44,Tomato
16.2,73.7,451,5.34,74,80,61,Potato
19.9,72.0,304,5.73,100,48,67,Tomato
18.3,66.4,343,6.26,65,49,31,Barley
16.3,54.8,397,6.84,48,31,41,Barley
17.2,65.5,469,6.54,54,30,54,Potato
21.6,51.4,406,6.14,58,30,68,Tomato
17.3,84.0,309,5.05,91,73,65,Potato
22.0,64.1,395,6.16,60,21,41,Barley
29.2,80.6,544,6.74,75,54,47,Rice
24.7,33.0,416,7.33,54,41,27,Millet
26.5,71.4,253,7.17,54,46,49,Cotton
22.0,73.1,425,5.67,58,49,37,Groundnut
34.1,60.2,287,6.31,102,45,35,Cotton
24.4,65.4,409,6.59,77,28,86,Cotton
26.9,53.2,378,7.07,47,56,63,Soybean
22.3,77.0,504,6.36,116,46,81,Sugarcane
23.6,82.7,511,7.41,125,50,103,Sugarcane
20.8,57.3,471,6.58,59,56,51,Tomato
20.0,50.0,324,7.3,80,41,51,Wheat
26.4,47.1,498,6.29,42,44,67,Wheat
27.4,91.2,570,5.7,76,48,50,Rice
23.1,88.5,472,5.86,102,58,39,Rice
26.5,33.7,278,6.55,20,29,38,Millet
24.9,65.0,490,6.54,55,46,29,Barley
25.5,37.7,312,6.79,52,33,41,Millet
33.9,61.8,321,5.7,108,33,88,Cotton
30.8,64.1,435,7.06,29,39,67,Soybean
28.2,30.0,276,6.67,23,26,50,Millet
30.2,76.7,477,7.05,88,70,75,Maize
30.5,71.8,562,6.83,96,37,70,Rice
37.6,60.2,253,6.43,73,26,54,Cotton
27.2,41.1,427,6.59,83,31,54,Wheat
29.9,57.4,385,6.78,38,28,52,Groundnut
29.8,77.3,545,6.29,104,53,38,Maize
21.9,51.6,306,7.01,106,53,61,Maize
25.0,65.0,311,6.09,71,49,48,Barley
18.2,50.0,311,6.52,96,54,88,Tomato
19.5,56.4,254,7.03,71,50,44,Wheat
29.7,55.0,265,6.95,22,32,42,Millet
25.3,73.0,531,6.09,87,59,117,Sugarcane
23.3,58.4,243,6.34,59,44,30,Chickpea
24.1,58.0,273,6.49,35,30,41,Chickpea
28.1,66.5,586,7.04,60,57,71,Maize
34.3,79.8,455,7.05,118,51,99,Sugarcane
34.3,51.0,263,6.82,49,48,40,Millet
30.4,60.4,484,6.89,54,37,38,Soybean
22.9,66.0,332,6.22,23,51,34,Groundnut
29.9,45.4,210,7.13,50,32,21,Millet
19.8,55.8,506,6.79,47,50,70,Wheat
15.5,36.9,435,6.4,49,33,53,Barley
29.9,43.6,227,5.64,31,48,46,Millet
30.5,84.3,691,6.02,115,50,55,Sugarcane
27.2,69.5,441,6.41,22,28,39,Groundnut
30.7,37.5,342,7.45,40,20,21,Millet
31.7,93.5,693,6.07,93,45,69,Rice
22.4,41.0,446,6.45,66,33,58,Barley
18.4,58.6,472,6.02,99,48,49,Wheat
28.2,73.1,518,6.03,110,61,99,Sugarcane
23.2,72.7,633,5.73,78,38,70,Rice
24.4,64.1,447,7.49,69,50,66,Soybean
26.3,41.9,407,6.95,57,48,55,Millet
25.8,90.3,418,6.46,103,34,29,Rice
31.1,57.0,484,6.91,54,27,53,Groundnut
20.2,72.1,486,6.78,83,60,60,Tomato
31.6,67.8,582,7.44,102,65,110,Sugarcane
24.5,54.8,240,6.2,28,32,48,Chickpea
29.5,47.4,370,7.17,103,54,80,Cotton
22.2,71.0,420,5.8,87,54,57,Tomato
30.5,52.4,558,7.14,80,51,70,Maize
29.9,50.2,399,6.27,47,37,47,Groundnut
29.6,80.9,701,6.26,137,48,70,Sugarcane
24.2,68.1,426,6.13,79,67,35,Maize
25.4,75.0,461,6.07,62,55,65,Wheat
30.7,59.3,419,5.56,38,42,37,Groundnut
26.6,40.4,360,7.54,44,40,57,Chickpea
23.4,59.5,428,5.61,58,38,57,Groundnut
15.7,85.0,357,6.06,98,76,81,Potato
26.4,61.9,382,7.25,49,57,32,Chickpea
30.3,59.5,546,7.02,64,64,62,Soybean
25.8,56.7,599,6.43,92,70,77,Maize
24.7,76.4,432,5.79,106,69,93,Potato
15.8,62.5,292,6.48,60,22,49,Barley
22.9,59.7,359,6.56,75,36,48,Wheat
21.8,58.6,203,6.92,27,38,33,Chickpea
29.9,72.9,685,6.48,109,60,38,Rice
19.2,66.2,430,6.6,64,52,97,Tomato
22.2,66.9,459,6.31,39,34,43,Soybean
21.7,72.4,515,5.87,117,49,48,Maize
31.8,49.7,292,6.4,43,34,37,Groundnut
27.6,64.4,340,6.89,69,47,58,Wheat
30.5,72.8,487,7.37,104,33,45,Cotton
23.3,64.2,738,6.04,143,53,105,Sugarcane
29.9,70.1,284,6.52,34,42,69,Groundnut
28.9,93.4,393,6.37,76,29,26,Rice
29.4,66.3,352,6.95,62,62,36,Maize
31.5,89.3,358,6.38,60,41,38,Rice
27.1,81.5,740,6.69,123,39,82,Sugarcane
13.4,69.7,394,7.44,61,40,42,Barley
27.8,76.1,592,6.71,72,31,31,Rice
16.7,42.9,542,7.12,75,45,41,Wheat
24.4,42.5,230,6.65,62,46,57,Millet
28.3,47.9,321,7.02,96,32,76,Cotton
28.1,49.6,586,5.86,71,46,40,Maize
22.3,91.3,443,6.23,82,41,46,Rice
30.7,68.0,442,6.17,46,56,41,Groundnut
24.8,63.7,535,5.93,50,33,40,Tomato
29.1,74.6,395,5.75,52,54,49,Tomato
13.1,67.0,448,6.24,55,40,57,Barley
25.4,70.4,463,6.58,94,35,39,Cotton
36.8,73.8,453,5.98,66,44,74,Cotton
29.7,69.5,256,6.47,51,25,55,Groundnut
16.2,42.4,449,7.01,90,31,47,Barley
27.0,65.6,518,6.47,60,29,31,Wheat
36.5,61.2,295,6.57,71,36,78,Cotton
15.4,57.0,314,6.76,94,37,41,Wheat
27.9,56.6,261,7.32,48,29,33,Millet
24.7,94.4,633,5.94,120,33,65,Rice
25.4,31.4,219,5.52,68,24,28,Millet
29.7,54.8,378,6.87,51,57,35,Chickpea
24.1,36.9,259,7.27,32,41,27,Millet
28.4,55.3,570,6.47,68,36,60,Soybean
29.9,60.8,388,6.47,109,60,35,Cotton
22.8,65.5,549,6.5,136,31,106,Sugarcane
24.1,56.9,415,6.16,33,26,55,Groundnut
22.1,47.7,417,7.55,48,30,47,Chickpea
14.6,39.4,445,6.72,73,44,53,Barley
22.9,65.7,250,5.6,59,37,44,Groundnut
22.6,78.2,490,7.07,50,32,42,Soybean
28.3,55.8,417,5.94,66,56,53,Tomato
27.7,50.3,358,6.39,56,31,59,Chickpea
33.1,35.2,279,6.09,31,24,60,Millet
27.4,44.7,374,7.08,20,46,61,Chickpea
29.0,53.3,384,6.87,42,52,54,Groundnut
28.6,71.9,366,6.99,103,56,80,Maize
24.5,77.5,354,6.97,69,31,35,Maize
23.3,75.8,472,5.43,109,55,104,Potato
29.7,82.8,505,7.41,138,47,75,Sugarcane
27.6,71.8,418,6.67,48,33,66,Wheat
22.6,59.1,444,6.32,63,46,60,Soybean
23.4,54.8,327,5.81,74,66,42,Tomato
25.0,62.9,324,7.45,46,56,54,Chickpea
21.8,56.9,402,6.12,55,50,57,Soybean
29.9,45.0,364,6.58,25,60,59,Chickpea
25.4,46.0,260,6.14,25,52,68,Chickpea
24.6,43.1,200,6.59,50,37,49,Chickpea
23.4,52.0,496,6.08,60,54,59,Groundnut
29.3,44.7,368,6.27,21,48,60,Millet
21.8,70.9,436,5.17,85,54,98,Potato
32.5,43.8,434,5.61,97,47,63,Cotton
18.9,83.3,491,5.01,54,33,94,Potato
29.5,57.4,242,7.78,51,26,31,Chickpea
27.2,67.5,308,6.92,102,33,69,Cotton
26.7,50.1,378,6.58,27,47,40,Groundnut
25.7,61.9,206,7.05,46,59,70,Chickpea
36.8,40.9,405,6.03,70,57,80,Cotton
22.9,89.0,643,6.5,136,70,84,Sugarcane
23.0,83.4,334,5.66,77,76,84,Potato
26.2,66.0,487,5.8,88,26,69,Cotton
25.7,47.7,300,6.46,59,44,55,Chickpea
20.5,64.1,466,6.62,82,44,86,Tomato
24.0,71.8,333,7.08,47,25,32,Wheat
20.0,62.9,358,7.08,52,39,65,Chickpea
34.1,56.5,405,7.08,81,36,65,Cotton
25.7,92.6,434,5.58,100,44,69,Rice
15.9,64.8,519,6.33,51,53,29,Wheat
22.8,37.5,419,6.7,46,47,33,Chickpea
15.0,68.7,316,6.58,77,32,114,Potato
18.4,41.2,286,6.86,56,48,26,Wheat
29.2,63.2,538,6.28,64,34,42,Soybean
17.1,50.0,388,7.05,84,41,36,Barley
25.6,40.0,427,7.92,45,57,40,Chickpea
20.6,78.2,304,6.07,84,51,91,Potato
19.6,43.4,350,7.83,20,32,56,Chickpea
25.0,76.0,583,7.02,106,50,52,Maize
20.0,80.0,351,5.66,78,65,92,Tomato
29.2,79.6,357,5.81,75,38,77,Tomato
24.1,59.4,474,6.37,77,22,33,Wheat
17.3,51.5,268,6.29,54,36,48,Barley
32.1,73.0,465,6.63,90,39,55,Sugarcane
24.7,75.3,640,6.81,80,38,66,Rice
30.4,49.3,347,6.09,78,41,40,Maize
23.0,50.6,554,6.68,45,65,43,Soybean
26.2,55.4,362,6.36,43,33,41,Groundnut
22.1,43.3,305,7.22,36,47,54,Chickpea
26.0,52.5,507,6.16,90,39,63,Wheat
24.2,65.9,578,5.72,74,60,75,Potato
24.9,39.7,311,6.48,44,53,39,Barley
23.2,79.4,417,6.74,57,39,85,Potato
29.7,51.7,595,6.78,70,34,45,Soybean
26.4,31.4,240,6.99,23,24,35,Millet
27.4,62.8,447,7.02,36,25,35,Millet
19.6,68.9,599,5.17,84,44,66,Potato
23.9,62.7,414,5.53,59,79,105,Potato
15.7,50.8,317,6.89,38,32,33,Barley
25.2,84.9,498,6.68,123,45,110,Sugarcane
17.2,51.0,363,7.07,81,47,42,Wheat
23.4,85.8,671,6.12,88,29,65,Rice
26.0,61.5,379,5.9,52,53,56,Groundnut
27.7,69.9,317,6.04,70,45,57,Tomato
19.4,79.8,323,5.93,56,37,66,Potato
20.8,61.1,331,6.25,33,63,58,Soybean
23.4,51.6,494,6.22,96,31,81,Tomato
25.2,68.3,405,5.61,50,27,65,Groundnut
19.5,45.1,266,7.0,93,39,46,Wheat
20.1,78.6,430,6.22,119,45,49,Maize
34.0,72.9,449,6.88,105,40,68,Cotton
24.0,39.9,274,6.83,51,53,28,Chickpea
30.9,52.0,308,6.39,60,51,42,Maize
22.8,60.0,424,6.67,63,38,53,Maize
25.3,72.0,359,7.03,68,62,67,Soybean
19.4,53.1,523,7.26,76,44,36,Wheat
21.7,52.1,437,7.19,104,42,75,Maize
17.6,60.9,450,5.23,84,56,55,Potato
29.9,67.6,642,7.22,130,30,58,Sugarcane
23.9,69.3,398,5.77,52,30,66,Groundnut
24.2,51.5,369,6.92,70,39,70,Cotton
29.1,53.9,321,7.01,21,29,55,Millet
21.4,40.4,515,6.43,42,52,58,Wheat
30.7,74.9,367,6.67,29,33,55,Soybean
15.5,63.8,377,5.21,60,37,108,Potato
25.5,86.6,566,6.8,106,28,43,Rice
25.7,80.0,641,6.34,83,60,43,Rice
19.7,68.1,355,6.84,77,62,93,Tomato
20.8,63.8,308,7.51,49,33,67,Chickpea
23.7,50.4,578,6.15,44,48,52,Soybean
24.6,58.2,325,6.38,30,35,47,Groundnut
26.3,53.8,355,6.96,56,43,31,Groundnut
29.0,67.3,527,6.73,97,69,82,Tomato
31.8,75.7,658,6.25,143,38,54,Sugarcane
21.7,60.7,348,7.56,32,41,45,Chickpea
26.8,70.9,528,6.34,56,39,72,Soybean
31.5,73.3,648,6.7,123,50,101,Sugarcane
22.9,63.0,558,6.45,103,42,98,Potato
31.2,84.1,675,6.98,80,45,34,Rice
20.1,56.8,385,6.22,38,34,53,Chickpea
24.1,67.8,374,7.09,42,27,51,Barley
27.5,55.3,537,6.25,81,58,80,Tomato
29.8,75.5,615,6.2,95,40,32,Rice
21.9,52.4,285,7.57,47,35,61,Chickpea
18.6,81.1,591,5.82,74,31,80,Potato
17.2,51.0,405,6.06,76,49,26,Barley
24.1,46.2,355,6.81,57,33,30,Chickpea
23.5,57.3,508,7.29,28,54,47,Soybean
24.2,67.5,344,6.28,95,44,86,Potato
19.5,53.6,504,5.5,87,35,64,Tomato
22.7,51.4,232,7.92,49,48,48,Chickpea
23.7,75.9,575,6.33,104,66,74,Sugarcane
20.1,79.4,502,5.96,77,66,62,Maize
34.1,35.8,209,6.24,26,28,47,Millet
29.8,65.3,516,6.13,74,52,99,Tomato
25.4,43.9,295,6.07,49,50,49,Chickpea
27.6,52.9,552,7.0,56,45,53,Soybean
31.5,72.1,477,5.68,108,51,63,Rice
28.4,45.4,317,6.36,57,23,25,Millet
23.2,64.9,491,6.92,68,48,76,Soybean
29.4,31.1,350,5.78,49,25,23,Millet
23.1,64.4,374,5.92,74,61,45,Tomato
30.6,66.8,518,6.05,106,53,88,Sugarcane
17.1,67.0,340,5.32,68,53,52,Potato
32.9,70.9,338,7.07,109,37,52,Cotton
30.7,71.5,498,6.36,59,57,55,Cotton
34.9,40.2,290,6.36,80,60,78,Cotton
34.7,48.8,329,7.35,103,34,37,Cotton
22.5,63.1,561,6.77,52,64,54,Soybean
25.8,67.3,412,6.51,63,59,41,Soybean
23.5,67.6,371,5.74,50,54,51,Tomato
23.9,46.8,267,6.1,30,25,60,Groundnut
30.0,88.2,390,6.15,112,36,59,Rice
30.0,84.7,693,6.34,90,38,46,Rice
24.9,66.2,495,6.6,52,52,64,Potato
16.0,37.8,408,6.23,87,43,30,Barley
26.4,93.8,472,5.59,65,52,32,Rice
29.2,37.5,226,6.93,36,41,43,Chickpea
23.1,81.2,510,6.11,94,47,38,Rice
30.2,68.0,525,5.87,69,33,44,Maize
21.8,49.1,497,6.93,49,21,49,Wheat
22.4,59.0,564,6.81,39,45,51,Soybean
16.8,62.3,311,6.42,93,55,117,Potato
18.5,67.7,380,6.64,94,67,65,Tomato
25.1,94.9,682,6.06,117,58,53,Rice
19.6,52.6,312,5.68,79,62,42,Tomato
20.9,74.3,579,6.13,84,64,50,Potato
19.6,67.1,350,6.11,84,67,41,Tomato
37.3,55.4,316,7.41,67,41,90,Cotton
26.6,61.4,536,6.28,65,50,42,Maize
27.7,72.5,416,5.94,64,53,32,Maize
15.1,42.2,290,6.03,50,37,41,Barley
16.6,63.4,469,6.0,108,79,104,Potato
35.0,84.8,699,6.84,128,68,116,Sugarcane
22.2,74.2,588,6.51,82,61,100,Sugarcane
17.9,38.2,429,6.12,50,37,61,Barley
25.0,47.2,440,6.63,63,48,53,Millet
13.7,38.4,341,6.01,87,21,64,Barley
35.5,66.9,343,6.5,109,57,75,Cotton
18.8,60.3,365,6.56,90,55,46,Barley
16.3,75.9,325,5.5,95,74,69,Potato
19.7,50.0,495,6.74,51,53,55,Barley
20.9,60.6,508,6.2,71,20,58,Wheat
28.8,50.2,534,6.3,36,68,47,Soybean
12.3,47.0,471,6.74,76,53,52,Barley
23.3,74.6,515,5.95,70,59,82,Tomato
24.4,55.4,450,6.77,30,44,38,Chickpea
25.8,50.5,337,6.06,37,56,34,Groundnut
17.7,59.3,335,7.0,39,33,41,Barley
18.7,41.7,332,6.68,22,53,25,Chickpea
14.0,60.3,340,6.19,49,29,61,Barley
27.8,84.3,677,6.13,67,50,26,Rice
22.3,84.9,374,5.87,62,50,53,Rice
23.2,68.7,356,6.07,49,23,66,Wheat
23.9,58.2,308,6.52,62,39,60,Soybean
23.1,77.6,552,6.0,99,49,46,Rice
23.1,60.9,541,6.21,50,52,56,Soybean
22.8,40.8,288,6.58,78,36,35,Barley
22.2,70.7,360,5.82,94,33,101,Potato
22.6,45.1,253,6.92,30,29,62,Groundnut
28.2,75.2,495,6.0,75,52,99,Tomato
25.0,74.2,347,5.54,61,56,76,Tomato
18.7,53.5,404,6.84,59,54,44,Tomato
20.1,61.7,425,7.43,80,55,50,Barley
30.1,85.7,590,7.4,118,58,98,Sugarcane
30.8,52.8,253,7.57,69,46,68,Cotton
29.5,53.4,480,5.86,99,51,74,Tomato
14.9,47.1,291,7.03,43,43,34,Barley
20.5,45.2,299,6.27,97,22,59,Wheat
22.3,67.6,299,5.84,37,42,43,Groundnut
26.9,61.4,269,7.9,86,56,41,Cotton
30.4,42.7,345,5.6,88,31,59,Cotton
29.3,77.8,660,6.98,67,49,61,Rice
29.2,48.7,488,6.6,53,59,55,Groundnut
22.9,73.4,439,6.01,38,47,61,Soybean
26.6,52.2,470,7.31,53,45,58,Soybean
31.8,79.6,407,6.55,60,52,70,Maize
16.1,57.6,316,7.14,70,55,37,Wheat
25.9,55.5,330,6.76,93,47,64,Cotton
24.5,69.8,469,6.77,54,38,59,Tomato
26.2,56.1,231,6.4,56,25,28,Millet
24.6,51.7,524,6.15,76,31,87,Tomato
16.4,53.7,375,6.44,79,54,58,Barley
29.6,57.8,529,6.15,50,60,57,Soybean
28.3,44.6,406,6.54,27,41,54,Millet
27.8,56.1,405,6.64,60,49,40,Groundnut
25.1,62.1,427,6.53,37,57,66,Soybean
21.6,81.7,499,5.69,89,51,108,Potato
26.5,67.6,516,6.49,70,39,69,Soybean
33.2,89.1,477,7.07,125,67,65,Sugarcane
26.2,56.4,526,7.4,75,48,33,Wheat
31.1,60.2,258,6.38,59,45,50,Groundnut
22.6,52.1,272,6.55,57,40,59,Barley
30.5,63.2,299,5.53,21,40,59,Groundnut
31.8,54.9,379,5.64,56,48,60,Millet
28.0,71.9,359,6.96,69,48,74,Cotton
20.9,77.0,302,6.72,66,74,61,Potato
22.4,58.1,542,7.02,79,29,32,Wheat
21.0,58.8,482,6.99,79,45,77,Tomato
19.4,42.0,380,6.61,41,49,49,Chickpea
23.2,74.9,512,6.65,106,69,77,Potato
22.5,84.1,555,6.3,118,43,88,Sugarcane
32.1,62.1,482,6.79,100,42,81,Sugarcane
20.1,66.7,561,7.14,50,70,68,Soybean
26.3,58.6,345,6.3,69,55,70,Wheat
22.7,70.3,407,7.06,60,22,42,Wheat
25.3,53.8,477,6.61,58,39,45,Tomato
25.4,77.7,737,7.34,111,35,92,Sugarcane
21.2,82.9,597,5.71,89,65,106,Potato
23.8,49.5,315,6.39,78,53,42,Barley
36.7,61.8,439,6.26,108,40,45,Cotton
27.6,79.7,479,6.59,102,34,46,Rice
31.5,42.7,258,7.14,37,45,57,Millet
25.1,78.0,513,6.09,88,65,31,Maize
22.2,61.5,383,6.79,87,37,61,Maize
27.3,67.3,288,7.09,46,36,66,Wheat
21.1,67.0,511,6.16,84,48,67,Tomato
28.5,81.4,387,5.51,99,31,29,Rice
22.2,63.1,276,7.2,44,30,59,Chickpea
22.6,80.7,727,6.25,80,61,77,Sugarcane
26.5,46.7,424,7.66,31,36,47,Chickpea
26.2,70.8,258,7.01,61,57,45,Cotton
26.0,73.7,351,6.85,95,68,49,Tomato
22.6,60.4,528,6.51,112,41,94,Sugarcane
28.3,63.1,464,6.16,61,53,64,Cotton
24.4,42.7,255,7.57,52,55,32,Chickpea
26.7,69.4,550,6.87,94,35,80,Maize
22.0,73.8,307,6.16,91,78,91,Potato
24.9,75.1,332,6.69,114,56,47,Maize
25.5,46.2,505,6.2,97,53,59,Wheat
30.5,79.1,440,6.01,38,42,54,Soybean
28.2,60.4,316,6.41,82,58,60,Cotton
23.8,56.8,332,6.97,66,21,40,Wheat
30.4,45.2,459,6.07,46,36,46,Groundnut
27.0,65.3,533,6.83,95,53,74,Tomato
32.9,66.7,458,6.3,125,63,69,Sugarcane
14.3,51.1,365,6.83,79,36,55,Barley
20.9,64.9,366,6.03,53,48,67,Chickpea
21.3,52.9,547,6.72,84,25,34,Wheat
31.6,66.6,514,6.26,66,59,80,Maize
19.1,78.3,563,6.67,80,42,89,Potato
27.3,86.5,385,6.26,81,25,51,Rice
22.2,54.8,341,6.19,93,43,67,Tomato
19.4,74.1,364,5.97,95,47,87,Tomato
24.9,69.5,283,6.44,48,27,69,Wheat
26.8,74.5,496,6.36,70,62,61,Soybean
23.0,61.3,548,6.2,57,46,54,Potato
15.1,63.6,410,6.38,52,32,55,Barley
16.3,81.1,569,6.0,99,52,101,Potato
22.1,57.6,411,6.78,87,31,55,Tomato
24.1,35.7,321,6.66,68,45,54,Barley
26.4,54.3,404,7.22,63,46,60,Millet
23.2,92.9,501,6.05,74,39,33,Rice
27.5,73.0,523,6.98,28,35,75,Soybean
28.0,87.0,478,6.59,99,48,114,Sugarcane
25.5,60.9,499,6.64,41,58,47,Groundnut
28.5,78.7,441,6.99,85,58,33,Rice
24.6,83.2,466,5.33,59,66,77,Potato
31.8,86.1,565,6.06,117,49,53,Rice
19.0,65.6,478,6.43,51,27,33,Wheat
22.7,82.2,591,6.11,104,42,72,Potato
23.7,89.3,455,7.1,82,49,98,Sugarcane
23.1,72.6,507,7.49,149,32,116,Sugarcane
29.9,67.1,494,6.94,87,26,45,Cotton
26.4,68.2,684,6.99,122,65,54,Sugarcane
23.5,71.0,408,6.34,87,38,53,Wheat
33.2,49.1,428,6.31,87,47,72,Cotton
27.2,73.7,613,5.71,119,45,35,Rice
26.3,92.2,561,6.01,89,50,51,Rice
14.3,36.4,271,7.47,52,54,62,Barley
21.9,68.7,488,7.23,86,45,45,Barley
19.2,58.0,537,5.81,81,40,73,Tomato
22.3,43.5,396,7.3,96,42,51,Wheat
16.4,62.3,506,6.69,77,47,72,Potato
23.1,61.7,435,5.3,77,72,67,Potato
23.4,49.3,287,5.77,55,34,48,Groundnut
27.4,53.8,382,6.87,89,68,67,Tomato
26.6,69.7,265,7.22,77,45,62,Wheat
27.9,50.1,421,6.51,113,65,33,Maize
24.7,83.2,433,5.55,58,40,65,Potato
19.9,76.9,583,6.0,71,76,98,Potato
23.9,68.1,566,7.49,127,33,96,Sugarcane
28.7,36.5,229,7.12,22,44,35,Millet
24.5,58.4,393,6.7,45,53,64,Wheat
30.7,76.2,514,6.74,108,50,56,Rice
29.2,51.8,289,6.06,57,24,27,Millet
35.7,40.8,359,7.48,70,60,70,Cotton
26.9,77.0,466,7.44,121,64,112,Sugarcane
22.3,74.1,303,6.8,104,64,77,Maize
30.9,38.6,342,6.46,33,21,40,Millet
22.5,78.6,468,5.82,104,38,71,Maize
20.7,67.2,597,6.26,73,44,52,Potato
25.2,60.5,566,7.36,112,61,101,Sugarcane
26.9,64.4,355,6.61,38,39,59,Groundnut
23.6,65.3,415,6.06,45,23,39,Barley
19.3,44.9,420,7.39,32,47,32,Chickpea
15.6,43.8,491,6.03,41,47,50,Barley
24.4,76.0,330,5.16,86,53,50,Potato
29.0,62.4,469,6.57,67,39,72,Soybean
24.5,56.7,335,5.93,68,62,44,Tomato
25.8,64.5,390,5.84,78,32,74,Cotton
22.0,70.7,640,6.97,133,30,90,Sugarcane
27.8,47.1,317,7.92,86,55,59,Cotton
28.4,59.9,386,7.17,67,41,49,Millet
24.9,68.7,494,6.51,54,77,50,Potato
12.4,59.3,355,6.38,58,53,44,Barley
24.5,69.9,253,6.58,40,44,37,Groundnut
28.1,71.1,369,5.79,39,34,32,Groundnut
20.2,82.7,302,6.24,86,36,105,Potato
26.7,73.0,362,5.85,96,43,71,Maize
31.7,72.0,594,6.49,61,60,56,Soybean
28.0,54.8,333,6.71,27,50,36,Soybean
21.9,55.2,223,7.91,20,40,28,Chickpea
33.1,65.8,593,7.47,83,61,90,Sugarcane
26.4,68.1,374,5.85,105,60,61,Cotton
20.2,52.3,498,6.89,78,39,37,Maize
21.2,59.2,384,6.51,68,36,62,Soybean
23.3,53.8,308,6.99,42,58,69,Chickpea
21.2,64.6,343,7.21,25,44,63,Chickpea
31.5,72.3,326,5.94,44,55,46,Groundnut
24.9,84.3,628,6.07,85,47,34,Rice
36.4,46.2,310,6.42,71,57,87,Cotton
21.8,78.3,469,6.6,111,68,68,Maize
25.1,90.2,425,5.54,75,55,64,Rice
21.5,73.4,510,6.33,25,45,69,Soybean
23.0,76.5,521,6.44,118,41,74,Maize
15.5,73.2,417,6.32,106,60,93,Potato
34.7,39.2,425,6.42,56,40,50,Millet
28.7,55.3,368,6.83,46,31,63,Soybean
36.9,50.2,258,6.68,72,40,86,Cotton
31.4,57.6,493,6.03,88,57,62,Maize
27.3,53.3,444,6.07,50,41,61,Wheat
23.8,82.4,574,6.49,56,70,74,Potato
29.2,75.2,426,6.73,87,42,60,Maize
25.1,55.4,318,6.16,87,59,86,Tomato
28.3,78.2,430,6.18,67,50,88,Tomato
27.3,72.8,497,5.86,67,28,40,Rice
31.6,72.7,363,6.89,96,49,50,Rice
25.6,52.2,362,6.55,42,49,35,Chickpea
24.2,74.1,437,5.9,100,59,101,Potato
23.8,69.0,503,6.59,55,78,53,Potato
17.3,61.3,517,5.29,61,37,72,Potato
20.3,68.4,547,5.32,110,51,99,Potato
28.8,34.6,373,6.63,70,33,51,Millet
23.2,53.8,410,6.58,78,55,81,Tomato
31.9,73.1,447,6.03,106,57,76,Maize
27.5,60.8,728,6.19,109,59,64,Sugarcane
33.0,55.1,360,5.64,53,36,52,Millet
23.9,52.3,408,6.32,54,58,69,Tomato
22.0,76.1,355,5.51,99,80,61,Potato
36.7,68.0,451,5.51,109,34,84,Cotton
25.1,51.4,300,6.36,66,32,49,Wheat
27.8,49.7,296,6.23,48,49,46,Groundnut
33.0,32.0,272,7.42,41,37,35,Millet
12.2,66.6,354,6.87,73,41,33,Barley
29.5,52.5,283,7.26,56,46,61,Cotton
29.7,74.3,648,6.47,97,41,65,Sugarcane
29.1,77.4,664,6.39,103,33,45,Rice
23.3,71.1,392,6.34,101,57,49,Maize
26.9,61.4,339,6.92,59,35,61,Tomato
29.9,55.0,439,6.61,45,33,60,Chickpea
27.7,70.3,321,7.33,57,47,86,Cotton
24.6,84.8,472,6.58,89,41,119,Potato
19.8,74.1,322,6.47,81,58,96,Tomato
32.7,66.7,587,6.86,86,59,106,Sugarcane
25.9,57.6,447,6.58,62,35,50,Maize
30.9,56.4,416,6.78,27,48,21,Millet
27.2,63.4,284,6.08,48,51,68,Chickpea
34.0,51.7,320,5.71,68,40,43,Millet
25.9,66.6,398,6.97,51,55,27,Wheat
33.5,52.5,226,6.8,30,38,57,Millet
25.2,56.6,367,6.14,51,33,45,Tomato
26.8,68.8,441,6.77,72,48,56,Wheat
34.4,72.4,283,7.77,67,42,40,Cotton
24.4,78.0,533,6.87,61,47,61,Rice
27.2,70.5,524,6.22,77,34,29,Wheat
23.9,91.0,667,5.58,82,25,56,Rice
32.0,75.4,460,6.75,87,55,67,Sugarcane
22.9,79.5,337,6.74,98,49,58,Tomato
29.3,61.9,305,5.95,21,38,63,Groundnut
24.8,69.2,436,6.43,50,30,63,Soybean
21.5,54.1,326,7.43,47,43,40,Barley
24.5,40.7,443,6.54,48,36,27,Wheat
28.2,51.1,338,6.5,85,45,66,Cotton
29.2,71.8,439,6.86,111,55,52,Maize
30.8,59.6,349,7.0,28,51,41,Groundnut
13.8,35.9,428,7.22,70,32,48,Barley
31.3,70.4,404,6.87,63,62,51,Soybean
24.2,85.1,677,6.42,113,68,77,Sugarcane
16.0,57.2,373,6.5,57,23,57,Wheat
30.9,61.4,402,7.22,30,33,38,Soybean
24.7,66.3,324,5.53,74,54,85,Potato
27.9,73.8,539,6.18,100,64,69,Maize
34.3,84.1,663,6.74,119,70,70,Sugarcane
28.3,75.9,435,6.56,75,42,61,Tomato
24.7,45.7,375,7.85,47,30,56,Chickpea
27.1,54.2,412,5.62,94,52,72,Tomato
23.6,64.3,328,6.85,63,40,52,Wheat
15.5,56.6,398,6.92,68,48,25,Barley
32.1,49.0,276,6.53,25,25,38,Millet
24.8,59.5,255,6.93,44,37,43,Millet
15.3,71.7,563,5.83,107,64,71,Potato
16.9,43.7,404,6.04,44,37,58,Barley
25.8,62.1,354,7.79,32,38,69,Chickpea
23.6,76.9,528,5.77,77,68,82,Potato
14.4,43.1,329,6.15,46,29,43,Barley
28.1,88.0,608,6.14,118,60,53,Rice
29.0,51.4,424,5.7,56,50,48,Groundnut
26.4,43.3,414,7.63,38,44,52,Chickpea
24.5,81.9,320,5.69,94,55,69,Potato
19.0,36.4,332,6.52,47,29,52,Chickpea
18.1,40.7,306,6.94,42,56,54,Chickpea
31.7,67.3,335,6.01,33,42,48,Groundnut
27.8,52.7,269,6.43,67,35,43,Millet
27.2,37.0,370,7.39,28,42,22,Millet
32.2,60.5,719,6.28,88,33,84,Sugarcane
19.3,52.2,388,6.8,63,30,60,Barley
26.8,75.4,543,7.16,112,37,53,Maize
26.8,48.5,596,6.87,93,43,75,Maize
16.7,80.7,442,6.53,80,41,114,Potato
15.3,55.9,353,7.32,45,36,45,Wheat
15.2,76.4,599,5.42,99,65,58,Potato
31.5,47.4,429,6.58,91,43,48,Cotton
30.2,72.6,535,6.45,113,54,70,Rice
28.5,78.9,341,6.96,57,55,77,Tomato
22.1,57.1,264,6.01,43,35,27,Barley
17.4,48.6,381,6.93,79,32,47,Barley
23.1,45.4,461,6.25,71,53,55,Barley
20.3,67.1,458,6.59,67,65,35,Maize
15.7,66.0,353,6.93,89,48,39,Wheat
24.9,33.1,383,6.5,32,29,49,Millet
24.4,64.1,516,7.17,102,30,45,Maize
24.9,57.1,295,6.19,67,47,50,Wheat
21.6,62.2,313,7.02,55,43,56,Wheat
22.9,63.9,427,6.92,104,44,68,Maize
28.8,53.0,332,6.77,34,60,47,Soybean
23.1,93.6,426,6.32,113,48,62,Rice
29.2,62.1,372,6.54,33,41,33,Millet
32.6,78.8,671,7.0,83,43,73,Sugarcane
23.0,72.6,347,5.59,40,55,36,Groundnut
36.5,55.0,496,7.38,60,37,57,Cotton
18.0,45.3,502,6.33,66,39,56,Wheat
19.7,38.0,495,6.4,88,23,31,Barley
13.6,48.5,413,6.94,80,34,26,Barley
24.6,76.1,366,6.68,98,37,32,Maize
28.1,60.5,474,6.69,57,66,64,Soybean
26.5,73.9,509,6.58,109,30,28,Rice
19.7,60.7,413,5.65,79,43,43,Tomato
22.9,58.7,434,6.52,58,51,76,Soybean
25.5,67.2,387,5.87,47,49,31,Groundnut
20.0,74.3,510,7.46,46,40,56,Wheat
29.2,61.6,257,6.06,102,25,43,Cotton
26.8,46.1,256,6.31,46,47,42,Millet
31.1,52.0,427,6.96,50,38,56,Soybean
23.6,72.4,448,6.62,90,40,60,Wheat
26.2,39.8,441,5.81,44,45,57,Millet
23.1,71.5,325,7.45,25,59,42,Soybean
28.6,46.0,366,6.7,30,34,31,Groundnut
21.9,67.7,330,6.64,39,35,73,Soybean
24.3,79.4,528,6.18,85,63,93,Tomato
18.1,77.8,355,5.8,52,63,89,Tomato
17.0,47.7,450,7.2,94,54,43,Wheat
21.5,77.0,385,5.88,51,42,118,Potato
34.0,30.3,262,6.64,37,41,48,Millet
25.1,67.8,436,5.69,60,57,56,Cotton
22.4,67.2,338,6.98,94,43,48,Maize
31.3,61.2,553,6.31,31,42,69,Soybean
23.1,69.1,276,6.28,40,43,58,Barley
23.5,76.6,422,5.61,70,44,63,Rice
20.8,77.8,305,6.21,97,70,51,Potato
28.1,48.3,347,5.68,56,43,40,Groundnut
25.9,74.6,379,6.24,62,65,50,Soybean
23.7,51.5,481,6.94,73,50,42,Barley
27.7,73.5,312,5.65,86,36,62,Tomato
31.6,46.3,552,7.07,105,68,43,Maize
17.1,67.9,510,6.76,91,38,62,Potato
19.0,46.3,399,6.15,53,60,62,Chickpea
27.7,49.1,207,7.95,41,38,49,Chickpea
22.7,64.2,392,7.21,56,57,52,Chickpea
24.8,72.2,338,6.73,58,61,52,Tomato
29.1,80.4,597,6.97,75,54,60,Rice
26.8,69.9,462,6.11,98,49,68,Tomato
17.2,68.7,381,5.16,75,73,96,Potato
20.0,60.0,594,5.03,96,33,58,Potato
32.0,67.4,484,5.86,31,27,38,Groundnut
20.3,63.4,212,6.98,43,25,63,Chickpea
32.7,84.4,679,6.24,113,44,80,Sugarcane
24.5,73.9,461,6.74,64,42,59,Wheat
22.4,45.4,302,7.49,52,37,34,Chickpea
23.9,71.1,573,5.5,119,59,68,Rice
33.0,51.2,258,7.97,99,49,38,Cotton
22.5,71.5,309,6.46,39,42,52,Groundnut
28.2,51.5,346,6.26,62,27,44,Millet
24.2,45.1,437,7.61,40,27,56,Chickpea
27.2,52.3,372,6.26,104,39,36,Cotton
19.4,78.6,529,5.35,85,44,82,Potato
25.5,61.2,335,6.23,68,47,54,Soybean
34.7,83.2,541,7.25,83,61,65,Sugarcane
26.7,67.1,470,6.78,63,22,69,Wheat
28.6,55.7,466,6.69,45,41,56,Groundnut
23.8,64.4,333,6.48,86,70,44,Maize
26.0,76.8,626,6.24,65,27,52,Rice
18.8,76.4,423,6.31,75,33,120,Potato
20.3,79.3,375,5.95,51,49,72,Tomato
22.5,53.6,587,6.02,35,32,35,Soybean
18.2,46.1,395,6.09,36,38,55,Barley
26.9,61.8,468,5.78,55,34,99,Tomato
22.8,62.8,558,6.34,67,47,33,Maize
20.6,56.7,252,6.06,52,43,25,Wheat
28.6,72.8,535,5.82,55,55,99,Tomato
26.8,62.7,254,6.34,78,39,70,Wheat
21.1,41.6,516,7.15,87,39,26,Wheat
21.6,50.5,343,7.22,52,34,64,Barley
28.7,55.5,381,7.19,95,55,51,Maize
26.9,38.8,268,6.36,23,33,29,Chickpea
32.1,82.4,484,7.46,109,61,108,Sugarcane
30.5,65.3,347,5.53,52,35,64,Groundnut
27.0,86.7,507,6.94,134,67,71,Sugarcane
19.3,63.0,454,6.59,84,30,31,Barley
16.3,45.7,360,7.22,70,26,53,Wheat
23.1,59.2,344,5.83,45,48,40,Groundnut
18.6,79.0,424,6.64,93,66,93,Potato
20.1,62.3,296,7.23,70,47,30,Wheat
22.8,65.1,436,7.07,47,26,67,Wheat
28.5,87.8,521,6.23,146,40,80,Sugarcane
20.2,46.0,336,7.27,57,46,52,Barley
33.8,53.6,303,6.76,50,43,23,Millet
33.5,62.7,245,6.73,42,21,50,Millet
19.7,46.4,325,6.2,45,38,28,Chickpea
27.5,53.1,452,6.88,61,39,45,Wheat
16.4,69.2,289,6.34,60,51,29,Barley
27.2,72.2,692,5.64,68,55,45,Rice
22.3,51.5,304,7.24,44,52,70,Chickpea
29.1,38.0,352,6.82,39,46,31,Chickpea
28.4,84.8,647,5.73,102,46,61,Rice
24.9,33.8,203,7.42,63,38,44,Millet
24.6,45.6,482,6.26,23,52,61,Groundnut
22.3,79.4,509,6.42,118,69,36,Maize
22.8,59.4,411,7.16,63,45,35,Soybean
24.8,53.0,358,5.99,56,31,39,Cotton
32.7,65.8,537,7.35,142,36,84,Sugarcane
19.3,77.1,346,6.7,85,30,83,Tomato
29.4,76.6,390,6.74,38,43,35,Soybean
28.1,62.7,700,7.46,148,63,58,Sugarcane
18.4,53.2,447,6.5,70,64,77,Tomato
28.7,45.1,498,6.9,55,30,48,Groundnut
23.7,59.2,350,5.7,55,27,63,Groundnut
32.3,45.2,255,6.86,43,36,50,Millet
16.3,69.7,442,7.17,41,51,30,Wheat
13.9,68.1,462,7.04,68,20,62,Barley
20.6,50.0,293,6.36,20,34,40,Chickpea
26.7,94.2,646,6.37,106,28,62,Rice
29.3,61.8,370,6.5,77,65,97,Tomato
22.1,86.7,578,6.42,100,34,57,Sugarcane
23.5,87.3,560,6.25,99,55,28,Rice
26.4,86.9,611,6.21,117,35,67,Rice
21.5,60.5,463,6.86,27,63,80,Soybean
19.0,54.4,329,6.46,40,53,33,Wheat
22.3,60.7,458,6.91,60,51,69,Tomato
30.2,72.2,509,6.56,47,62,44,Soybean
16.8,84.0,507,5.1,61,69,93,Potato
22.2,61.8,433,6.32,44,47,70,Groundnut
36.3,49.5,377,7.15,109,41,86,Cotton
26.3,78.5,566,6.47,119,36,61,Sugarcane
23.4,81.5,480,6.19,102,25,54,Rice
22.0,43.8,499,6.35,75,42,53,Wheat
26.7,57.4,205,6.54,52,47,34,Chickpea
31.2,50.9,295,6.2,44,58,53,Groundnut
35.4,68.3,299,5.72,51,31,48,Cotton
27.0,36.7,372,5.89,45,31,20,Millet
29.5,86.7,540,6.76,136,31,54,Sugarcane
26.1,93.8,366,6.54,73,53,53,Rice
24.6,64.5,559,6.46,88,53,90,Sugarcane
26.4,91.0,524,6.41,99,50,45,Rice
30.0,84.7,664,6.26,146,39,73,Sugarcane
21.8,46.1,441,7.18,89,32,30,Wheat
21.2,82.7,507,6.72,86,79,107,Potato
31.0,48.8,407,6.53,54,28,43,Millet
31.4,45.7,302,6.8,62,49,43,Millet
26.3,87.0,688,6.07,109,43,40,Rice
23.9,37.3,337,7.02,46,22,28,Barley
34.9,30.1,245,7.42,34,30,36,Millet
24.6,61.6,468,6.6,88,70,49,Maize
17.1,53.6,386,6.55,85,23,62,Barley
27.6,48.0,456,6.37,80,35,70,Maize
27.1,31.2,381,5.88,63,43,35,Millet
25.5,42.3,314,7.83,58,31,34,Chickpea
15.8,77.7,487,6.53,83,61,101,Potato
37.0,50.0,348,6.3,61,34,37,Cotton
27.7,74.4,380,6.79,52,39,46,Tomato
32.3,49.4,284,5.59,35,28,41,Millet
30.7,45.6,299,5.67,68,32,44,Millet
22.3,56.4,295,5.6,41,59,58,Groundnut
19.7,41.3,403,6.48,97,44,29,Wheat
17.6,83.3,514,5.31,84,51,112,Potato
25.8,61.0,562,7.01,67,43,59,Maize
30.6,73.6,416,6.31,111,36,32,Rice
21.0,43.7,251,7.41,58,43,45,Barley
17.0,51.5,450,6.86,72,51,55,Wheat
26.7,60.7,418,5.7,67,47,44,Tomato
25.7,73.9,628,6.56,99,58,25,Rice
27.5,53.4,469,6.93,84,43,55,Maize
29.6,52.0,512,6.31,85,54,66,Maize
30.2,47.0,303,6.66,81,49,52,Maize
29.8,89.9,622,7.41,150,54,107,Sugarcane
27.7,36.0,438,5.69,25,44,55,Millet
26.2,58.8,435,6.62,100,57,58,Maize
25.8,41.9,418,6.46,70,36,20,Millet
29.4,48.9,457,6.58,28,59,55,Groundnut
22.3,54.9,575,5.81,106,36,43,Maize
16.8,40.2,420,6.43,65,30,65,Barley
25.8,93.9,585,6.87,81,59,47,Rice
22.6,76.1,373,6.12,83,46,87,Potato
21.4,60.3,547,6.39,119,62,80,Maize
29.6,82.5,613,6.2,116,44,56,Rice
26.4,54.0,480,7.41,54,62,56,Soybean
31.4,68.3,526,6.61,95,45,102,Sugarcane
18.6,42.8,422,6.75,61,55,29,Barley
28.4,74.4,378,5.58,96,56,96,Tomato
28.2,48.1,447,7.22,52,42,82,Cotton
28.0,60.2,493,6.4,23,26,53,Groundnut
26.9,78.0,344,7.12,25,52,71,Soybean
21.2,57.3,492,6.09,59,49,45,Soybean
26.4,56.0,242,6.2,44,41,49,Millet
18.9,61.0,480,6.57,35,53,45,Barley
24.8,77.1,396,6.29,86,56,94,Potato
24.7,80.7,598,6.01,110,51,72,Sugarcane
28.7,64.7,218,6.31,35,25,26,Chickpea
21.1,57.7,325,6.62,77,23,45,Barley
24.9,69.9,288,6.04,27,41,67,Groundnut
23.2,51.9,414,7.21,23,30,25,Chickpea
29.7,53.1,265,7.78,35,48,30,Chickpea
28.0,73.6,506,7.07,100,70,55,Sugarcane
31.9,81.7,536,6.24,81,52,78,Sugarcane
25.8,52.2,324,6.18,24,32,52,Millet
23.3,75.9,680,6.05,84,27,63,Rice
15.4,61.1,363,6.96,46,51,34,Wheat
24.3,61.0,452,7.14,85,57,90,Cotton
24.8,81.3,587,6.35,102,49,46,Rice
22.9,63.9,512,6.47,69,79,90,Potato
27.6,40.8,302,6.42,48,48,25,Wheat
20.2,58.1,347,6.5,60,55,59,Barley
26.2,45.4,374,7.3,41,39,68,Chickpea
30.3,62.7,365,6.5,65,49,73,Maize
22.5,54.3,480,6.88,22,34,63,Groundnut
31.8,65.7,335,6.86,21,45,38,Groundnut
28.3,47.5,460,5.56,50,44,33,Groundnut
28.8,72.0,453,6.71,66,31,56,Cotton
18.1,59.4,263,7.07,71,20,25,Barley
21.9,62.2,512,7.12,91,49,45,Maize
26.7,73.3,311,7.25,46,35,77,Soybean
29.9,60.6,483,6.43,98,33,86,Tomato
15.9,47.8,477,7.44,53,24,60,Barley
24.1,79.8,570,6.76,62,68,58,Maize
30.2,76.7,553,5.62,85,54,61,Rice
17.5,54.2,345,7.1,73,44,53,Barley
20.3,65.6,433,6.71,110,32,80,Potato
25.5,78.6,455,6.28,82,55,31,Rice
14.8,48.5,278,7.44,74,50,54,Barley
22.1,59.1,414,6.89,45,36,52,Chickpea
17.3,57.5,295,6.94,90,39,47,Wheat
17.3,68.6,497,6.56,84,33,109,Potato
24.9,74.0,351,6.93,116,41,57,Rice
31.5,94.6,586,6.65,109,49,57,Rice
29.0,61.1,470,6.76,46,56,50,Soybean
18.0,58.0,393,6.32,51,30,48,Wheat
28.8,71.3,673,6.47,64,46,31,Rice
33.1,52.6,292,6.42,46,29,45,Millet
27.4,61.0,382,7.4,43,38,78,Soybean
25.7,73.2,352,6.12,32,33,44,Groundnut
22.6,70.2,387,6.47,60,43,114,Potato
25.3,59.0,538,6.15,50,67,63,Soybean
16.2,66.5,273,6.01,48,30,46,Wheat
28.1,54.6,364,6.31,90,27,73,Cotton
30.0,31.5,348,5.51,49,50,24,Millet
21.3,68.4,505,6.06,70,44,73,Soybean
23.9,53.6,360,7.18,64,61,62,Soybean
24.2,50.6,352,5.95,39,53,57,Groundnut
22.9,55.2,489,6.26,75,60,48,Tomato
23.6,44.1,373,6.4,37,47,49,Barley
27.5,55.7,453,6.0,42,38,63,Wheat
32.9,78.2,640,6.22,89,68,98,Sugarcane
30.0,72.8,586,6.66,113,63,64,Maize
26.5,51.3,452,5.96,65,29,48,Cotton
19.6,72.5,508,6.4,96,63,51,Potato
20.0,69.8,380,6.7,86,43,72,Potato
15.8,69.7,379,7.49,81,22,61,Barley
18.4,65.8,387,6.63,84,37,89,Tomato
29.0,45.4,351,6.33,61,37,30,Maize
15.0,40.7,321,7.36,67,51,30,Barley
26.2,57.4,358,6.45,27,30,58,Millet
28.2,75.0,548,7.36,65,61,67,Soybean
26.3,67.3,326,6.77,45,38,57,Groundnut
29.3,69.9,576,7.22,61,63,65,Soybean
21.4,82.8,333,5.09,75,48,77,Potato
26.3,50.5,481,5.95,86,27,42,Cotton
22.2,72.4,526,6.4,58,39,40,Wheat
28.7,81.6,431,6.11,92,44,69,Rice
33.0,39.4,326,5.57,49,36,33,Millet
28.4,61.6,272,7.88,49,46,25,Chickpea
30.9,67.9,419,7.24,56,69,56,Soybean
30.4,66.2,465,7.0,24,41,68,Groundnut
27.2,74.0,540,6.88,84,51,46,Rice
17.4,63.7,350,5.24,73,55,56,Potato
22.0,61.4,488,7.2,115,64,119,Sugarcane
31.2,83.6,678,6.94,93,27,29,Rice
23.9,71.8,434,6.97,70,43,75,Soybean
19.1,57.1,393,6.25,97,70,53,Tomato
22.0,57.0,337,5.57,57,67,44,Tomato
22.3,73.1,678,7.36,91,57,82,Sugarcane
20.7,54.2,493,6.66,82,48,50,Maize
25.7,61.4,410,7.37,28,26,25,Millet
17.4,52.2,489,6.41,93,55,35,Wheat
18.9,52.3,477,7.42,64,35,65,Barley
34.6,58.8,242,7.32,42,47,45,Millet
23.7,44.5,300,7.64,32,40,29,Chickpea
26.6,66.3,324,6.04,120,54,41,Maize
29.3,63.1,486,6.84,34,54,36,Soybean
30.3,72.9,291,6.01,49,57,61,Groundnut
27.8,93.9,371,6.17,111,37,45,Rice
28.0,69.5,353,5.59,84,58,37,Cotton
20.7,60.0,437,6.34,46,41,33,Barley
30.7,44.5,435,5.6,52,56,67,Cotton
21.0,61.7,311,6.12,54,35,88,Potato
29.7,67.5,629,6.11,115,38,101,Sugarcane
20.8,69.4,408,6.06,78,65,113,Potato
32.9,58.9,296,5.98,56,39,48,Cotton
26.7,57.2,423,6.22,62,35,62,Cotton
25.7,55.3,338,5.64,61,34,63,Tomato
21.9,77.0,432,6.02,68,70,85,Tomato
34.0,53.3,427,5.97,55,40,48,Millet
23.6,88.9,375,6.51,77,53,67,Rice
23.2,60.0,286,6.12,61,34,45,Wheat
22.7,46.5,334,6.13,35,39,58,Groundnut
30.6,44.7,278,5.65,72,48,89,Cotton
24.6,79.9,462,6.42,103,69,86,Potato
14.3,43.7,352,6.93,73,29,28,Barley
14.7,62.9,389,6.06,60,35,27,Barley
30.9,47.3,456,5.96,70,31,64,Maize
17.4,46.4,320,6.96,80,50,31,Barley
26.0,69.8,281,6.55,75,23,25,Wheat
16.1,64.9,308,6.02,61,52,118,Potato
20.6,67.5,527,6.91,68,30,55,Maize
32.5,34.1,433,6.3,70,43,43,Millet
31.8,64.5,360,7.02,31,50,36,Soybean
26.6,66.5,521,6.29,83,20,65,Wheat
26.6,45.5,301,6.5,52,46,69,Wheat
25.6,53.4,372,6.59,23,59,38,Groundnut
18.8,56.5,350,6.77,40,37,42,Barley
33.6,79.8,714,6.65,136,31,76,Sugarcane
31.3,91.7,472,6.36,74,51,27,Rice
21.2,51.9,321,7.57,43,57,56,Chickpea
28.8,59.6,411,6.18,47,39,59,Millet
25.2,82.6,635,7.41,113,56,57,Sugarcane
33.3,30.7,211,7.12,51,36,23,Millet
26.9,70.6,448,5.85,85,61,62,Maize
20.6,57.9,412,6.95,51,57,40,Soybean
25.8,79.2,599,6.36,107,43,95,Sugarcane
22.3,75.8,638,6.95,93,56,110,Sugarcane
22.4,73.2,508,5.08,64,71,97,Potato
30.6,74.2,430,5.88,66,32,39,Rice
29.2,72.3,448,6.51,99,66,86,Tomato
22.6,69.5,408,6.63,96,53,92,Tomato
20.9,58.9,261,6.08,63,20,54,Barley
19.5,63.7,447,6.22,92,55,64,Wheat
26.8,76.9,328,6.24,61,41,49,Tomato
32.6,44.5,388,5.55,96,26,86,Cotton
25.5,55.2,302,6.37,69,26,39,Millet
25.9,76.0,676,6.39,93,25,48,Rice
20.7,52.2,539,6.31,73,33,96,Tomato
19.5,39.6,252,7.11,36,47,39,Chickpea
16.2,53.8,531,7.26,49,23,48,Wheat
20.1,64.6,592,5.2,90,61,104,Potato
31.1,74.4,440,6.9,62,50,56,Rice
24.7,57.5,386,6.71,29,46,29,Chickpea
31.6,61.0,315,6.72,52,65,68,Soybean
21.5,77.6,425,6.42,104,64,76,Potato
23.9,66.2,322,5.74,86,37,92,Tomato
20.1,54.8,570,6.65,69,55,58,Maize
25.2,45.7,421,6.46,56,33,38,Groundnut
31.3,73.3,641,6.13,94,36,55,Rice
30.9,30.4,318,5.94,26,38,53,Millet
19.4,58.0,441,6.11,85,44,42,Tomato
24.3,60.1,434,6.66,108,46,63,Maize
17.0,45.3,399,6.37,64,26,55,Barley
24.2,45.4,345,7.6,83,45,56,Cotton
22.1,63.2,493,6.21,75,44,48,Wheat
28.7,40.6,370,5.74,101,51,81,Cotton
23.1,56.7,508,6.53,45,34,57,Soybean
22.6,72.7,374,6.1,48,25,55,Groundnut
28.1,52.3,428,6.2,39,48,53,Chickpea
21.0,58.4,229,6.52,28,30,48,Chickpea
17.2,83.6,314,5.47,103,77,119,Potato
31.7,52.0,445,6.04,116,46,76,Maize
27.5,63.0,450,7.44,28,53,51,Chickpea
16.9,69.9,439,6.58,40,38,47,Wheat
25.4,65.7,253,6.7,48,40,36,Groundnut
22.1,51.5,368,6.08,71,62,37,Maize
25.9,44.8,406,6.57,32,51,56,Chickpea
23.3,51.4,381,6.6,97,30,80,Maize
28.1,86.4,486,5.54,77,44,46,Rice
13.0,51.8,305,7.48,64,20,38,Barley
24.9,43.2,396,6.6,35,42,24,Millet
17.5,77.9,399,5.06,88,80,79,Potato
29.5,55.3,323,7.44,55,41,51,Millet
32.2,79.1,575,6.47,134,48,54,Sugarcane
34.1,40.1,251,6.61,42,30,38,Millet
30.2,43.2,340,6.95,72,58,63,Cotton
28.9,57.2,276,6.39,48,40,51,Millet
25.6,50.7,401,6.14,71,68,45,Maize
25.6,73.6,391,6.6,83,42,93,Tomato
24.0,54.2,276,7.08,44,24,43,Barley
22.7,46.8,372,6.35,26,56,67,Groundnut
16.8,63.3,404,6.5,91,44,107,Potato
18.3,58.7,252,6.53,46,29,29,Chickpea
26.9,58.7,495,6.09,85,34,64,Maize
34.0,42.1,335,6.08,48,26,53,Millet
15.9,63.4,461,6.36,61,30,49,Barley
21.2,62.3,258,7.64,49,37,33,Chickpea
27.5,69.3,496,6.67,43,44,35,Groundnut
16.9,75.3,400,6.64,86,56,110,Potato
26.5,54.8,444,6.46,93,30,44,Cotton
27.5,71.8,307,5.91,52,52,49,Groundnut
24.7,53.4,395,6.68,56,35,50,Soybean
31.9,86.2,366,5.64,84,49,60,Rice
35.6,55.7,486,7.68,75,43,35,Cotton
24.8,47.2,345,6.37,56,56,41,Groundnut
25.1,56.1,332,6.17,101,56,60,Maize
21.2,51.6,301,6.32,84,47,36,Barley
31.3,62.8,422,6.01,59,59,47,Soybean
28.1,89.4,702,6.17,138,51,97,Sugarcane
24.2,79.5,592,6.45,54,46,64,Soybean
18.2,52.4,400,7.45,20,46,56,Chickpea
28.6,45.6,287,6.27,57,46,66,Groundnut
24.7,64.7,295,6.2,86,45,61,Cotton
24.1,43.6,382,7.91,24,55,30,Chickpea
24.3,80.7,637,6.96,112,60,26,Rice
31.9,80.1,734,7.28,147,41,113,Sugarcane
30.3,77.4,534,5.77,60,59,33,Rice
27.9,90.3,469,5.99,69,25,42,Rice
28.5,54.1,538,6.14,61,41,100,Tomato
28.3,62.9,378,5.84,93,67,90,Tomato
30.3,47.8,426,5.77,44,50,53,Groundnut
27.8,47.0,273,6.37,85,43,64,Cotton
25.4,73.5,395,6.08,107,41,78,Maize
24.4,66.6,626,6.15,99,68,97,Sugarcane
28.0,57.9,345,6.63,30,48,37,Millet
22.8,40.9,425,7.38,41,36,51,Chickpea
33.1,36.9,448,7.48,58,33,53,Millet
29.1,58.5,297,6.06,47,25,49,Groundnut
22.0,49.1,405,7.08,70,48,75,Maize
26.9,59.0,305,5.81,24,51,62,Groundnut
27.3,60.6,400,6.89,56,27,23,Millet
30.4,47.6,461,6.98,53,56,54,Cotton
19.3,42.7,427,7.47,50,25,70,Wheat
23.4,93.7,505,6.99,67,31,40,Rice
21.1,78.4,551,6.23,89,76,60,Potato
18.8,39.8,391,6.63,57,52,40,Chickpea
24.8,70.5,658,7.03,93,44,108,Sugarcane
22.7,74.6,479,5.82,53,33,32,Groundnut
29.1,81.2,358,5.64,74,50,69,Rice
23.2,67.9,620,6.48,95,41,77,Sugarcane
15.8,65.1,393,6.05,74,53,63,Barley
18.9,59.7,370,6.33,43,49,39,Barley
25.5,57.7,278,6.78,65,38,55,Cotton
25.7,64.3,330,6.36,36,34,26,Millet
34.1,54.6,353,6.35,29,50,57,Millet
35.1,59.8,452,7.48,68,32,35,Cotton
25.0,94.1,478,6.19,79,37,49,Rice
20.1,67.3,366,5.54,88,51,115,Potato
34.7,72.1,464,6.88,110,45,48,Cotton
24.5,84.5,703,6.91,103,60,86,Sugarcane
20.1,54.9,271,7.98,21,39,56,Chickpea
24.5,44.7,421,7.39,51,47,56,Barley
32.8,65.6,495,6.46,149,41,90,Sugarcane
21.4,65.9,581,5.26,107,40,91,Potato
27.2,52.9,394,5.77,69,46,44,Cotton
32.7,51.6,205,6.7,51,23,46,Millet
27.7,74.8,403,5.77,79,36,55,Tomato
29.7,70.1,631,6.97,70,51,66,Rice
19.4,49.0,360,6.12,55,53,25,Chickpea
26.6,86.1,574,6.73,115,57,56,Sugarcane
21.7,64.3,395,5.14,103,40,61,Potato
29.7,95.0,431,5.65,102,40,42,Rice
26.4,72.6,573,6.38,93,30,50,Rice
23.4,77.5,305,7.15,87,62,76,Maize
21.1,68.1,591,6.94,82,46,67,Maize
19.1,45.0,395,6.86,50,24,44,Wheat
24.9,77.2,390,6.02,88,41,55,Rice
31.3,58.6,476,7.01,63,35,75,Cotton
33.7,69.1,584,6.69,106,37,53,Sugarcane
37.1,69.2,344,5.86,71,47,88,Cotton
20.1,37.2,263,6.32,40,57,42,Chickpea
35.1,56.7,472,7.63,68,35,44,Cotton
26.2,51.5,461,6.79,84,33,64,Wheat
32.3,54.6,435,6.17,109,41,65,Cotton
27.6,49.9,351,6.46,55,47,66,Chickpea
24.0,72.3,443,6.98,51,34,49,Groundnut
19.0,74.0,328,5.73,94,31,110,Potato
31.5,37.3,241,5.55,29,47,60,Millet
28.1,61.8,490,6.58,107,49,50,Cotton
26.4,81.7,673,5.95,77,28,47,Rice
27.9,41.3,285,5.87,68,26,49,Cotton
25.4,49.6,318,5.66,43,49,69,Groundnut
13.2,59.8,254,7.44,40,22,57,Barley
23.2,74.1,438,6.03,70,45,58,Potato
28.5,67.2,488,6.78,101,54,57,Maize
24.6,68.5,308,6.09,69,63,75,Soybean
24.4,68.4,324,6.51,36,23,46,Barley
21.9,48.0,496,7.18,64,42,62,Wheat
32.0,91.2,568,6.53,91,53,29,Rice
27.9,51.6,449,5.72,55,34,54,Groundnut
26.3,69.8,583,6.59,116,58,53,Sugarcane
25.3,66.1,405,5.88,85,57,90,Tomato
26.5,87.2,430,6.16,90,54,38,Rice
31.8,79.8,523,6.34,83,34,37,Rice
12.1,61.6,370,6.18,69,47,29,Barley
26.6,73.9,543,7.0,91,48,46,Wheat
24.5,57.6,277,5.75,53,39,34,Millet
32.8,52.5,295,7.01,63,41,27,Millet
21.4,45.7,313,6.31,35,36,48,Barley
22.9,57.3,286,6.7,68,32,32,Barley
27.9,89.2,416,6.15,118,28,32,Rice
29.1,68.1,499,7.39,134,43,55,Sugarcane
13.1,68.0,262,6.34,50,52,26,Barley
28.8,35.9,408,7.22,56,57,50,Chickpea
18.1,58.8,219,7.22,37,29,28,Chickpea
25.4,94.1,479,6.91,90,32,29,Rice
21.8,70.1,415,6.78,63,41,61,Maize
22.8,86.6,529,5.97,101,50,33,Rice
26.3,59.9,249,7.32,45,30,56,Millet
31.0,82.2,489,6.15,61,49,46,Rice
21.3,63.3,550,5.86,85,30,74,Tomato
29.7,70.7,569,5.91,64,41,70,Rice
27.6,51.8,412,6.03,36,28,22,Millet
21.6,63.2,441,6.84,78,38,44,Wheat
28.2,42.9,380,6.21,39,43,29,Millet
13.4,40.6,492,6.83,81,30,38,Barley
15.5,79.7,434,5.29,102,80,89,Potato
29.9,48.9,448,6.49,40,42,52,Millet
16.1,83.1,306,5.82,67,38,80,Potato
24.4,57.1,419,6.54,82,35,31,Wheat
23.8,63.2,253,7.15,74,22,55,Wheat
18.8,52.0,388,7.32,78,42,34,Barley
35.0,68.4,660,7.47,147,53,59,Sugarcane
32.6,76.5,745,7.31,149,49,120,Sugarcane
20.1,58.2,413,6.33,66,37,41,Maize
23.5,79.0,300,5.88,118,60,47,Maize
20.3,47.1,322,6.91,48,46,54,Barley
30.5,67.7,412,6.3,64,39,36,Cotton
20.2,41.5,326,7.25,58,51,43,Barley
19.4,78.0,343,5.78,105,67,52,Potato
28.0,93.2,521,5.93,101,59,58,Rice
21.0,70.6,558,5.27,96,78,100,Potato
24.1,70.9,572,6.57,116,55,60,Maize
32.2,57.5,441,6.92,28,36,56,Millet
24.4,57.3,470,6.85,38,49,63,Barley
27.3,57.3,452,6.55,68,39,70,Soybean
31.6,70.9,376,6.4,22,29,46,Groundnut
19.0,57.4,425,6.75,55,47,100,Tomato
31.7,72.8,531,7.45,65,70,52,Soybean
25.6,60.5,494,6.96,33,35,45,Groundnut
29.8,39.1,350,7.6,47,51,33,Chickpea
24.9,79.5,475,5.54,80,72,120,Potato
19.9,47.2,411,6.61,46,29,52,Wheat
25.5,55.7,498,6.15,29,59,57,Soybean
24.5,79.2,430,6.62,72,33,105,Potato
16.7,77.3,495,6.0,52,75,56,Potato
34.2,60.5,606,7.15,86,61,77,Sugarcane
31.0,75.1,624,5.72,80,58,53,Rice
30.3,61.1,331,5.97,52,28,58,Millet
21.1,72.3,577,5.27,89,66,105,Potato
26.4,43.9,318,6.12,50,43,51,Millet
23.0,65.1,360,5.76,50,62,57,Potato
29.5,52.5,370,7.01,52,63,39,Soybean
26.0,35.8,282,7.59,20,58,41,Chickpea
29.9,54.0,320,6.5,44,28,67,Groundnut
25.3,72.0,580,6.77,65,59,37,Rice
25.2,59.5,473,6.11,91,38,79,Cotton
30.4,65.7,519,7.41,31,35,43,Soybean
19.6,51.6,351,7.07,82,54,30,Wheat
21.7,72.3,435,6.14,65,61,49,Tomato
34.3,86.9,501,6.44,86,52,109,Sugarcane
17.1,37.3,409,7.1,55,42,46,Barley
23.8,67.4,582,7.32,134,66,89,Sugarcane
27.3,54.5,322,6.77,57,26,54,Groundnut
27.3,92.7,653,6.35,61,30,66,Rice
15.0,80.4,442,6.7,110,77,98,Potato
28.8,73.9,391,7.57,100,42,40,Cotton
27.4,43.3,215,6.76,50,33,44,Chickpea
29.9,60.6,563,6.3,42,62,47,Soybean
30.5,70.9,650,6.29,88,33,54,Sugarcane
24.2,92.4,493,5.59,90,58,47,Rice
23.2,80.3,574,5.11,109,53,91,Potato
23.2,53.9,375,6.49,57,69,49,Tomato
15.7,62.0,331,5.41,88,64,100,Potato
22.3,63.7,376,6.26,63,70,80,Maize
19.9,82.4,467,5.25,110,65,116,Potato
20.3,80.1,388,6.27,101,36,67,Potato
23.4,64.4,299,6.22,50,54,26,Barley
24.8,41.1,481,6.15,95,55,39,Wheat
26.0,59.7,372,7.02,54,29,49,Millet
17.8,67.1,566,5.94,74,54,112,Potato
24.0,74.1,541,5.95,93,72,112,Potato
29.5,64.5,322,7.22,57,29,33,Millet
26.7,61.6,567,6.85,112,43,115,Sugarcane
31.9,58.9,387,6.9,23,20,54,Millet
23.6,78.1,565,7.07,78,64,58,Maize
29.3,86.7,610,6.77,92,54,68,Sugarcane
13.0,53.1,292,6.6,82,21,46,Barley
24.1,53.9,474,6.66,50,50,43,Soybean
23.0,51.9,477,6.08,41,50,68,Wheat
28.9,84.0,494,6.86,139,69,74,Sugarcane
25.8,64.5,323,6.06,47,38,40,Soybean
22.2,83.8,649,6.37,86,43,34,Rice
28.0,69.7,524,6.92,113,37,36,Maize
19.6,64.6,460,7.47,57,21,47,Barley
28.2,76.6,732,7.09,123,37,54,Sugarcane
19.7,42.5,310,6.28,47,25,49,Chickpea
24.0,45.2,476,5.93,69,30,46,Cotton
17.6,47.0,384,7.25,52,42,70,Wheat
15.6,76.2,341,5.53,88,34,91,Potato
36.6,58.4,381,5.66,91,34,57,Cotton
25.7,72.8,317,6.31,42,49,49,Wheat
25.2,49.2,316,6.08,32,46,49,Millet
21.3,43.8,210,6.68,52,39,45,Chickpea
23.3,66.4,282,7.33,67,34,54,Barley
15.1,69.8,305,7.44,90,39,52,Barley
20.5,57.5,587,6.48,91,37,76,Maize
25.3,51.0,489,6.24,54,42,71,Cotton
23.2,71.7,356,6.07,49,32,68,Groundnut
15.4,44.8,300,7.13,68,26,32,Barley
20.4,63.7,373,6.34,60,59,32,Chickpea
23.2,51.3,403,6.36,96,63,99,Tomato
27.8,42.3,378,7.1,33,31,41,Millet
32.7,42.4,359,7.43,43,49,47,Millet
24.1,46.2,272,6.17,39,40,51,Chickpea
24.1,70.8,505,6.49,100,64,93,Tomato
21.7,62.8,273,6.94,26,36,49,Chickpea
24.8,88.5,710,6.96,98,37,84,Sugarcane
21.4,63.1,278,6.43,31,55,27,Chickpea
28.3,64.8,574,6.59,100,56,100,Sugarcane
26.1,40.3,401,6.42,91,54,59,Cotton
18.4,67.8,499,6.69,75,56,86,Tomato
22.7,55.7,457,6.45,53,58,69,Soybean
25.1,64.1,346,7.72,90,53,86,Cotton
27.2,60.6,308,6.53,98,59,71,Cotton
21.2,49.9,496,6.53,76,49,52,Barley
29.2,58.4,373,6.74,32,55,76,Soybean
25.0,80.3,631,6.22,65,42,49,Rice
29.8,56.4,328,5.97,48,28,35,Millet
25.9,73.8,454,6.97,79,61,65,Maize
28.1,65.6,461,6.02,75,67,74,Tomato
30.2,54.2,581,6.87,63,51,40,Soybean
23.3,70.5,516,5.9,76,46,54,Maize
30.7,80.6,458,6.89,108,37,70,Rice
23.8,76.2,461,6.83,91,39,65,Maize
25.0,60.6,279,7.93,31,37,33,Chickpea
34.4,44.0,366,5.6,59,55,44,Cotton
32.8,49.3,260,6.05,56,30,36,Millet
30.9,65.9,303,6.49,53,56,54,Soybean
30.2,82.4,515,6.74,81,60,61,Rice
23.2,61.7,498,5.71,59,66,60,Potato
28.4,66.1,348,6.58,56,54,35,Groundnut
25.6,77.6,359,6.18,57,48,43,Soybean
23.8,80.5,413,6.63,79,58,66,Potato
22.5,60.1,366,6.44,51,65,61,Tomato
18.2,44.4,360,6.2,43,38,63,Chickpea
30.8,57.9,474,6.17,25,49,69,Soybean
14.6,68.5,425,6.86,72,21,42,Barley
27.9,47.4,338,7.64,58,35,55,Chickpea
25.2,52.2,410,7.19,78,42,56,Maize
29.7,43.9,448,6.95,67,34,33,Millet
23.7,53.2,292,6.91,90,44,48,Barley
23.6,68.8,352,6.56,43,62,49,Soybean
29.4,94.3,396,6.62,73,49,51,Rice
24.7,69.4,396,7.32,67,20,58,Wheat
16.1,66.8,474,6.57,92,21,55,Wheat
21.6,69.9,368,7.2,32,55,69,Soybean
28.8,50.5,439,5.77,84,46,62,Tomato
27.2,62.8,381,6.81,43,40,55,Millet
27.8,71.1,526,6.55,94,28,29,Rice
31.6,67.2,443,5.57,24,32,43,Groundnut
21.9,57.6,431,7.18,65,30,41,Barley
28.3,76.0,323,6.21,89,58,49,Tomato
29.2,54.6,289,6.73,47,23,27,Millet
30.5,83.9,631,5.87,89,31,33,Rice
25.7,39.1,230,5.56,44,43,35,Millet
15.4,74.3,520,5.68,63,64,51,Potato
23.2,82.0,635,6.36,143,57,103,Sugarcane
23.0,54.9,466,7.29,46,40,36,Barley
28.5,86.2,381,6.1,81,31,40,Rice
15.5,62.7,302,7.06,73,37,41,Wheat
32.4,40.5,333,7.4,29,26,51,Millet
31.7,55.0,324,6.17,38,30,66,Soybean
21.3,57.2,395,6.36,60,36,57,Maize
34.9,64.9,625,6.24,148,42,111,Sugarcane
34.7,60.1,460,6.49,150,56,93,Sugarcane
27.7,42.8,441,7.3,53,39,42,Chickpea
25.0,46.5,436,7.89,96,58,66,Cotton
23.5,60.0,304,7.73,24,40,59,Chickpea
15.5,74.2,402,5.08,79,34,105,Potato
18.3,61.5,388,7.84,37,36,66,Chickpea
28.2,89.1,544,6.87,94,65,55,Sugarcane
21.4,58.9,454,6.76,71,54,79,Maize
27.9,53.0,396,6.47,31,53,30,Chickpea
31.5,91.4,400,6.97,83,59,66,Rice
25.7,58.0,331,6.1,85,52,50,Wheat
24.5,51.3,311,6.01,25,36,41,Millet
22.5,64.9,322,6.45,44,20,34,Barley
22.1,71.2,722,6.26,133,36,60,Sugarcane
22.8,55.0,444,5.69,52,31,46,Groundnut
17.9,54.4,323,7.19,92,31,64,Wheat
17.2,63.3,524,5.9,104,38,63,Potato
27.7,60.3,392,6.24,37,56,73,Soybean
25.2,42.6,434,7.26,96,51,36,Cotton
21.4,75.7,325,6.31,64,70,85,Potato
22.3,78.2,735,6.09,127,36,71,Sugarcane
27.0,65.2,462,5.67,90,64,98,Tomato
24.2,59.1,378,5.57,70,31,24,Millet
22.0,89.6,456,6.01,129,49,53,Sugarcane
24.5,60.1,365,6.68,63,32,37,Millet
23.4,62.6,530,6.23,66,54,79,Potato
29.3,60.0,468,5.68,74,54,77,Cotton
13.8,57.4,487,6.52,76,34,44,Barley
21.9,68.8,310,6.42,42,28,62,Barley
31.1,79.3,561,5.57,115,39,34,Rice
18.3,75.5,561,6.47,104,72,108,Potato
24.6,67.9,443,6.1,41,33,59,Soybean
22.2,53.7,476,7.33,86,45,54,Barley
27.3,57.4,433,7.05,29,35,29,Millet
28.2,59.5,410,7.12,53,47,60,Soybean
26.6,63.9,540,6.47,114,40,62,Maize
23.2,87.5,497,6.92,150,33,82,Sugarcane
24.6,77.7,546,7.25,42,58,40,Soybean
29.6,56.1,478,5.56,45,45,39,Groundnut
33.5,70.0,340,6.85,52,40,57,Cotton
28.0,62.7,747,6.17,96,33,79,Sugarcane
29.6,59.5,432,6.23,71,46,72,Cotton
24.5,74.2,367,6.87,92,70,59,Maize
31.2,47.4,305,6.67,52,32,68,Cotton
33.3,85.6,556,6.57,137,58,101,Sugarcane
25.7,70.0,484,7.1,91,65,64,Sugarcane
20.4,58.3,592,7.13,26,55,77,Soybean
28.7,59.3,450,6.25,63,70,30,Maize
30.1,81.3,612,6.12,96,28,60,Rice
17.1,47.7,379,6.29,51,23,60,Wheat
15.1,79.1,576,6.0,76,62,82,Potato
20.1,78.9,531,6.25,106,66,38,Maize
15.2,71.9,564,6.77,80,75,113,Potato
16.6,69.1,443,6.33,61,57,114,Potato
21.2,54.9,448,5.59,99,51,88,Tomato
16.6,74.0,467,6.6,106,80,85,Potato
26.2,64.9,459,6.55,61,55,67,Tomato
34.9,37.9,255,5.75,67,32,36,Millet
30.9,62.4,301,6.69,104,44,59,Maize
22.8,69.9,480,6.74,33,65,75,Soybean
23.7,51.6,529,6.51,51,46,73,Tomato
17.4,55.0,320,7.19,86,44,54,Barley
29.8,51.8,450,7.11,50,43,42,Cotton
25.2,70.1,382,7.1,80,54,79,Maize
29.2,68.4,434,6.36,29,46,79,Soybean
22.7,49.4,366,7.17,87,37,34,Maize
23.4,71.6,581,5.09,72,75,96,Potato
13.7,43.1,455,7.22,66,53,29,Barley
21.6,44.5,354,6.02,71,46,26,Barley
23.8,73.7,271,6.15,74,42,52,Wheat
30.3,67.8,385,7.48,56,38,53,Soybean
35.7,43.0,319,7.57,91,31,56,Cotton
29.7,60.3,270,6.19,89,60,55,Cotton
24.7,77.3,363,6.38,63,78,100,Potato
24.7,50.7,388,7.41,109,26,73,Cotton
36.0,66.6,329,7.27,91,34,89,Cotton
31.2,77.4,564,6.6,49,32,53,Soybean
29.9,89.2,556,6.27,77,48,54,Rice
29.3,67.3,335,7.78,99,60,39,Cotton
26.2,71.6,371,6.87,37,30,69,Groundnut
22.1,66.9,563,7.43,137,45,100,Sugarcane
29.9,72.6,423,6.5,53,43,46,Tomato
25.9,73.4,392,5.96,63,70,95,Tomato
19.6,64.6,409,7.7,24,28,68,Chickpea
30.7,80.9,731,6.1,105,67,54,Sugarcane
21.6,58.3,316,6.84,64,68,46,Soybean
20.0,58.3,412,6.73,63,44,60,Soybean
27.7,59.7,233,7.33,60,43,50,Millet
24.0,38.9,242,7.33,44,44,66,Chickpea
18.2,40.4,468,6.16,51,23,33,Barley
24.9,33.8,415,5.91,22,25,45,Millet
34.9,53.7,495,7.77,81,40,52,Cotton
21.3,62.1,451,7.49,87,54,37,Barley
28.6,84.9,653,6.32,148,30,86,Sugarcane
25.1,65.9,337,5.93,63,33,51,Maize
22.0,57.5,388,6.4,27,54,45,Chickpea
17.9,54.3,257,7.39,100,46,39,Wheat
26.3,63.4,551,6.52,54,33,75,Soybean
29.5,65.8,504,7.48,56,36,57,Soybean
25.4,43.7,489,7.2,70,39,84,Cotton
24.9,73.6,320,5.52,84,38,94,Tomato
24.8,89.8,562,6.01,110,57,42,Rice
17.4,45.1,292,6.61,79,28,33,Barley
21.8,80.6,476,6.29,88,44,106,Potato
29.6,49.6,400,6.73,68,20,39,Millet
23.1,62.8,363,5.87,101,37,58,Maize
20.7,66.9,489,6.1,70,46,43,Tomato
24.1,68.7,433,6.16,58,21,40,Wheat
20.5,64.3,322,5.48,85,61,109,Potato
19.1,35.1,270,7.67,32,50,41,Chickpea
17.4,63.8,359,5.16,75,58,78,Potato
23.4,46.4,448,6.74,48,30,37,Wheat
21.7,49.1,322,7.17,91,47,77,Maize
29.0,65.7,400,6.39,64,41,43,Tomato
29.2,61.2,695,6.1,122,42,89,Sugarcane
29.3,38.0,217,6.32,56,52,50,Chickpea
28.1,58.6,261,5.86,40,27,56,Groundnut
22.1,74.7,425,6.05,61,41,46,Maize
19.1,52.0,440,6.67,50,54,44,Wheat
18.1,77.4,375,5.77,55,54,91,Tomato
25.5,53.6,434,7.83,68,59,64,Cotton
33.8,62.3,539,7.24,116,62,55,Sugarcane
29.8,79.5,623,6.47,79,41,48,Rice
30.8,36.6,421,6.4,52,27,44,Millet
32.9,73.0,482,7.25,100,60,98,Sugarcane
31.8,50.9,443,6.37,48,30,79,Soybean
30.6,73.6,396,5.9,64,57,45,Maize
23.1,54.9,313,6.91,45,31,50,Groundnut
20.1,71.0,443,6.75,105,52,42,Maize
28.8,36.0,362,6.99,37,52,27,Chickpea
18.7,70.6,388,6.7,66,60,63,Potato
27.8,56.6,298,6.8,36,55,50,Chickpea
27.5,80.7,371,5.96,117,27,47,Rice
28.1,79.8,352,6.82,82,69,97,Tomato
26.3,57.6,359,6.01,42,36,60,Groundnut
19.8,76.7,336,5.55,72,62,96,Tomato
31.0,57.2,283,5.8,24,48,62,Groundnut
37.8,70.3,278,6.65,88,32,41,Cotton
20.5,50.2,442,7.1,77,33,71,Maize
31.3,66.7,454,6.82,108,42,64,Maize
24.3,82.4,439,5.8,95,56,83,Potato
23.5,47.5,227,7.12,40,39,51,Chickpea
26.6,64.0,647,6.16,117,69,60,Sugarcane
21.9,71.5,529,5.55,75,67,72,Tomato
19.3,36.5,297,7.25,56,45,48,Chickpea
22.9,69.3,495,5.71,104,58,73,Potato
26.6,94.8,569,5.8,104,33,66,Rice
25.0,72.5,364,6.29,63,72,74,Potato
28.3,53.5,434,6.71,49,59,68,Groundnut
27.6,41.8,271,7.84,90,26,75,Cotton
30.2,77.2,475,6.13,49,58,47,Soybean
26.0,49.2,296,5.73,81,48,88,Cotton
19.3,61.5,513,6.73,99,32,52,Tomato
26.5,65.8,278,6.77,98,43,28,Wheat
23.3,59.7,529,6.24,85,42,51,Maize
34.0,65.0,501,6.22,114,33,53,Sugarcane
28.3,84.2,674,7.18,148,53,57,Sugarcane
22.3,63.4,361,6.47,44,44,40,Groundnut
25.3,57.5,398,5.71,64,48,55,Millet
31.4,73.7,650,6.9,101,61,111,Sugarcane
19.3,81.2,321,6.7,105,33,116,Potato
21.2,76.0,512,6.0,118,44,31,Maize
27.2,82.7,550,5.94,63,40,56,Rice
29.9,80.7,466,6.59,123,40,110,Sugarcane
28.6,58.8,312,7.12,65,46,47,Soybean
25.1,72.9,648,6.29,147,48,94,Sugarcane
27.6,40.7,329,5.57,40,23,23,Millet
22.5,53.6,274,6.33,58,58,44,Chickpea
29.6,42.3,337,7.99,81,38,79,Cotton
27.2,32.8,222,6.24,41,41,50,Millet
30.8,70.9,527,7.15,90,31,58,Maize
26.8,53.1,211,6.19,47,28,61,Chickpea
29.4,86.3,658,6.22,149,67,90,Sugarcane
31.4,49.9,442,6.98,70,31,68,Maize
23.8,87.0,675,6.18,128,31,106,Sugarcane
27.1,54.2,436,6.51,28,56,54,Soybean
29.5,55.8,376,6.03,31,41,60,Groundnut
29.0,70.8,351,5.67,55,70,89,Tomato
31.2,71.8,333,6.7,84,54,71,Maize
27.0,63.6,516,6.24,79,47,96,Tomato
26.2,73.4,546,6.13,91,59,69,Rice
22.7,61.5,282,7.21,67,41,68,Wheat
20.1,49.5,434,7.3,41,38,66,Wheat
14.2,67.8,451,6.25,53,38,25,Barley
33.7,37.6,291,6.31,54,44,30,Millet
27.1,88.7,431,6.93,69,53,27,Rice
29.1,58.2,282,6.92,34,56,41,Chickpea
31.6,71.2,593,6.63,82,49,54,Sugarcane
19.0,66.2,426,6.32,97,52,34,Wheat
28.0,51.0,270,6.52,82,34,71,Cotton
31.7,73.9,341,6.88,45,36,40,Soybean
27.9,72.0,347,6.41,50,25,55,Groundnut
29.1,58.8,417,6.49,23,22,37,Millet
28.5,67.8,267,5.69,56,35,65,Groundnut
29.7,73.2,593,6.92,70,41,58,Rice
22.5,76.2,524,6.68,116,56,80,Maize
29.4,33.3,228,5.74,47,21,24,Millet
27.1,77.1,311,6.32,60,65,49,Soybean
26.0,71.9,672,6.53,69,34,61,Rice
25.0,85.4,659,7.07,136,39,99,Sugarcane
22.3,63.4,460,6.52,68,44,46,Barley
23.6,87.5,545,6.81,114,55,39,Rice
29.2,56.4,530,6.03,73,62,32,Maize
16.1,49.7,454,6.53,65,45,62,Wheat
21.1,54.8,393,6.63,38,68,58,Soybean
30.1,73.4,304,5.97,83,42,58,Maize
26.8,43.1,312,6.32,84,41,70,Cotton
24.1,84.3,666,6.46,91,59,43,Rice
21.9,77.7,388,6.89,36,57,62,Soybean
22.2,75.2,539,5.81,90,66,97,Tomato
28.5,71.1,394,7.13,59,43,68,Cotton
25.0,71.9,292,6.42,96,54,51,Wheat
20.0,76.1,447,6.74,58,50,68,Tomato
27.7,74.6,469,7.09,33,55,66,Soybean
22.2,58.8,342,6.38,105,49,50,Maize
23.5,62.8,424,5.66,27,26,70,Groundnut
24.8,47.5,410,6.23,59,32,57,Groundnut
22.2,50.7,389,6.23,74,47,58,Tomato
23.8,54.6,535,6.71,58,60,35,Soybean
16.9,43.5,287,7.46,82,26,31,Barley
24.9,59.6,502,7.16,83,54,61,Maize
25.0,62.9,498,5.91,54,35,74,Potato
23.6,50.0,356,6.13,66,35,43,Barley
23.7,78.4,590,6.04,87,63,115,Potato
35.0,73.7,595,6.5,132,67,58,Sugarcane
24.6,43.6,373,6.73,53,47,64,Barley
28.9,66.6,573,6.99,25,57,39,Soybean
20.8,62.1,494,6.21,50,46,46,Tomato
23.8,82.3,595,5.13,103,37,111,Potato
20.8,50.3,303,6.43,57,52,52,Tomato
19.7,62.7,372,6.63,97,80,113,Potato
24.2,75.7,435,5.98,89,72,118,Potato
23.1,65.6,449,7.42,71,39,60,Barley
12.7,54.1,385,7.07,72,44,51,Barley
31.5,70.5,644,6.07,60,47,44,Rice
25.3,46.7,462,7.79,107,33,68,Cotton
26.9,68.6,334,7.81,92,28,50,Cotton
21.6,54.1,520,6.41,78,47,80,Tomato
31.8,66.5,403,6.55,25,59,70,Groundnut
26.5,56.1,414,5.78,88,46,90,Cotton
21.0,67.5,480,5.91,75,57,68,Tomato
24.0,52.0,494,6.98,60,64,77,Soybean
24.9,46.6,302,6.86,62,29,60,Barley
34.0,73.1,456,7.65,54,51,78,Cotton
15.6,43.1,420,6.99,54,46,46,Barley
24.9,67.8,366,6.62,61,48,63,Potato
29.6,77.6,445,5.76,82,64,88,Tomato
19.0,36.3,432,6.51,23,36,55,Chickpea
19.9,43.0,405,6.16,49,45,64,Barley
22.5,60.0,442,6.98,63,24,58,Wheat
22.9,69.7,694,6.91,98,45,116,Sugarcane
18.8,38.8,291,6.95,34,46,45,Chickpea
32.7,47.2,323,5.52,20,40,39,Millet
29.3,59.4,383,5.94,69,62,44,Maize
22.0,67.5,433,6.76,94,30,67,Wheat
30.8,54.7,486,6.87,40,65,72,Soybean
23.7,40.5,297,7.13,29,38,34,Chickpea
29.2,50.4,508,6.75,63,69,50,Maize
30.1,54.0,261,5.54,55,45,30,Groundnut
21.4,69.7,363,5.95,71,46,95,Tomato
25.2,65.0,384,6.94,94,39,79,Cotton
27.6,50.4,390,6.52,51,38,28,Millet
26.1,44.5,207,7.89,34,58,45,Chickpea
31.2,63.6,544,7.04,32,60,77,Soybean
13.3,55.8,259,6.42,60,27,49,Barley
25.6,84.3,589,6.71,95,33,64,Rice
18.7,82.3,457,6.12,73,58,94,Potato
30.4,57.1,227,6.28,41,24,24,Millet
31.8,79.3,594,6.48,137,42,87,Sugarcane
15.3,84.5,436,5.67,79,79,99,Potato
32.6,70.5,361,5.62,68,27,42,Cotton
18.7,59.3,378,6.63,93,30,42,Tomato
23.9,74.0,491,6.16,29,35,63,Groundnut
30.0,63.7,289,5.7,24,32,55,Groundnut
25.0,71.8,300,6.98,29,64,67,Soybean
23.2,71.2,395,6.18,51,40,63,Groundnut
12.7,37.9,322,6.17,84,33,53,Barley
23.6,51.4,380,5.72,77,57,77,Tomato
35.7,66.4,257,7.0,52,59,69,Cotton
28.2,61.3,485,6.52,62,44,33,Maize
20.3,51.9,422,6.8,65,42,50,Barley
16.5,41.4,370,6.2,39,48,26,Barley
26.1,52.0,405,6.32,64,60,47,Soybean
16.2,64.2,270,6.78,36,30,65,Barley
22.1,55.0,240,6.46,43,57,64,Chickpea
25.9,74.7,729,7.5,104,44,71,Sugarcane
28.8,60.5,349,5.87,61,30,50,Tomato
23.6,65.4,335,6.32,86,42,28,Wheat
29.7,59.9,562,7.33,66,31,80,Soybean
25.5,65.2,346,6.2,116,59,52,Maize
23.7,41.0,375,6.79,23,38,33,Chickpea
25.1,74.0,265,6.03,92,38,64,Cotton
35.6,72.2,378,6.27,64,52,45,Cotton
25.5,61.3,502,6.36,77,50,54,Wheat
31.4,78.4,600,6.95,101,56,54,Rice
26.5,82.1,520,6.33,94,49,54,Rice
29.1,83.0,637,5.99,102,55,58,Rice
26.0,49.6,270,6.25,95,53,90,Cotton
25.7,75.4,471,5.89,97,54,35,Maize
23.0,72.2,633,5.64,98,45,49,Rice
27.2,60.7,350,7.24,60,46,55,Soybean
15.0,62.3,444,7.1,96,21,64,Wheat
25.6,41.6,311,6.71,36,53,50,Chickpea
15.5,76.7,435,6.17,87,42,81,Potato
27.0,63.5,329,6.47,33,36,66,Soybean
16.5,40.0,463,7.35,62,48,52,Barley
28.8,72.7,581,7.06,54,53,52,Soybean
28.3,72.8,345,6.89,115,54,47,Maize
22.3,83.7,350,6.33,109,56,68,Potato
19.4,62.2,367,7.89,33,42,43,Chickpea
30.9,48.2,485,6.84,74,32,41,Cotton
18.2,59.8,448,6.29,66,51,91,Tomato
18.3,81.9,588,6.0,84,58,91,Potato
27.6,41.8,225,7.61,48,57,62,Chickpea
33.2,40.8,299,7.26,48,25,26,Millet
22.8,61.8,315,5.67,87,57,73,Potato
25.0,52.8,289,6.99,33,45,42,Groundnut
18.1,72.7,590,5.56,107,35,91,Potato
22.2,74.8,518,5.92,64,42,47,Rice
31.0,88.6,593,6.18,108,40,65,Rice
27.0,70.4,397,6.02,84,27,44,Wheat
23.2,70.0,476,6.21,92,67,50,Sugarcane
16.3,65.2,410,6.77,59,39,70,Potato
23.6,64.6,556,6.15,51,55,37,Soybean
26.4,55.2,311,7.3,54,20,65,Wheat
25.5,46.5,292,6.85,25,44,58,Millet
33.8,52.0,250,6.83,52,31,59,Millet
28.4,76.4,718,6.62,130,39,120,Sugarcane
31.5,38.5,217,6.84,46,21,53,Millet
30.6,37.3,234,6.49,34,26,36,Millet
26.7,70.8,275,6.27,48,26,35,Groundnut
18.0,54.1,419,6.4,53,44,69,Tomato
30.9,66.6,382,5.94,37,33,54,Groundnut
15.0,37.3,415,6.83,57,51,50,Barley
18.9,66.1,522,6.35,83,44,55,Wheat
25.2,65.3,483,6.23,110,35,59,Sugarcane
31.0,70.5,283,6.52,44,39,55,Groundnut
23.2,85.4,563,6.36,101,41,78,Sugarcane
18.7,42.9,222,6.68,25,33,43,Chickpea
22.3,61.7,539,6.64,81,67,66,Maize
27.3,68.4,598,6.77,147,62,52,Sugarcane
15.5,53.7,254,6.96,43,38,55,Barley
22.3,66.2,367,6.97,53,26,31,Barley
29.1,50.6,314,7.05,94,67,46,Maize
13.7,56.0,382,7.39,50,24,36,Barley
22.1,37.6,388,7.01,42,43,38,Barley
25.8,88.3,402,5.65,83,44,33,Rice
24.6,50.7,396,7.37,48,64,36,Soybean
26.8,60.7,334,6.67,63,59,61,Tomato
27.9,76.8,549,5.8,88,70,48,Tomato
28.9,35.4,323,6.19,55,36,40,Chickpea
29.2,66.9,494,5.94,82,52,56,Maize
21.2,60.8,369,6.3,92,77,117,Potato
13.3,56.2,346,6.24,56,29,53,Barley
20.5,76.7,348,6.74,60,38,42,Tomato
26.1,69.1,322,6.13,72,39,49,Maize
22.5,61.8,510,6.22,137,38,69,Sugarcane
25.1,50.6,349,6.58,67,48,51,Soybean
16.2,69.5,477,5.63,59,63,100,Potato
34.6,50.1,253,6.24,63,21,33,Millet
30.3,45.4,260,5.87,45,37,62,Groundnut
28.9,55.3,233,5.61,50,30,33,Millet
30.0,71.3,425,6.25,102,43,57,Cotton
20.9,40.6,406,7.05,83,33,65,Barley
25.3,67.5,313,6.5,21,51,36,Groundnut
30.5,66.0,744,7.39,99,42,68,Sugarcane
24.3,44.1,335,6.44,47,44,50,Millet
31.4,56.9,375,5.87,22,25,49,Millet
18.4,83.0,515,5.95,75,47,119,Potato
19.9,58.4,436,6.48,49,30,29,Barley
20.0,59.0,483,7.04,85,50,30,Barley
25.4,53.6,507,6.65,51,30,76,Tomato
22.8,77.3,671,6.43,115,48,61,Rice
28.5,87.9,714,6.29,104,63,58,Sugarcane
21.5,44.1,496,6.99,97,54,25,Wheat
26.7,72.0,367,6.42,105,40,46,Cotton
25.0,73.1,289,6.87,52,51,33,Groundnut
29.3,44.2,313,7.48,40,33,32,Chickpea
26.2,55.7,432,6.8,26,56,49,Chickpea
22.4,64.7,305,6.87,66,53,60,Barley
17.6,69.7,586,5.58,89,50,112,Potato
22.2,62.9,278,7.0,82,23,30,Barley
23.9,49.9,435,7.81,29,40,41,Chickpea
26.8,63.6,518,6.09,110,34,71,Maize
22.0,60.7,435,5.69,58,45,63,Groundnut
22.3,68.2,546,6.35,137,30,55,Sugarcane
31.7,51.7,503,6.49,94,62,34,Maize
23.0,78.0,495,6.01,30,55,51,Soybean
28.3,66.8,455,6.37,75,35,64,Cotton
27.0,66.2,465,5.85,58,47,88,Tomato
26.7,69.3,483,6.65,118,44,60,Sugarcane
28.9,35.9,365,5.51,66,28,53,Millet
20.3,80.0,340,6.11,40,49,72,Soybean
21.7,68.9,421,6.15,75,33,55,Potato
33.2,76.3,487,6.36,150,35,93,Sugarcane
23.7,71.5,582,5.26,67,35,106,Potato
22.2,67.1,347,5.86,81,59,73,Maize
26.1,67.5,455,5.95,83,47,52,Maize
22.0,60.3,498,7.38,71,32,63,Barley
31.1,48.6,331,7.1,66,45,50,Millet
23.5,71.5,311,6.08,84,51,59,Tomato
24.8,54.8,395,7.0,65,65,81,Tomato
28.7,90.7,700,6.87,65,52,57,Rice
21.1,51.5,320,6.16,21,32,57,Chickpea
25.4,87.2,485,6.26,76,28,30,Rice
24.5,60.6,336,6.18,85,22,49,Wheat
28.1,67.8,465,6.41,86,47,37,Maize
23.4,35.0,361,7.41,55,22,43,Barley
23.1,40.9,298,7.07,24,27,48,Chickpea
31.7,36.8,379,7.24,20,38,54,Millet
30.2,76.2,486,6.22,96,62,68,Sugarcane
29.4,65.0,400,6.03,33,46,46,Soybean
30.8,71.6,553,7.0,106,55,58,Rice
25.4,53.7,598,6.76,89,35,30,Maize
33.6,77.0,455,6.17,115,48,105,Sugarcane
33.3,60.9,380,6.27,26,38,45,Millet
36.6,49.8,447,6.41,56,45,67,Cotton
24.5,76.2,670,6.24,99,37,54,Rice
28.5,64.5,346,5.83,90,60,47,Cotton
35.5,46.6,276,6.35,102,58,67,Cotton
18.6,67.9,387,6.22,86,31,74,Tomato
22.4,84.2,448,6.05,108,37,107,Potato
24.2,72.7,354,6.36,68,46,69,Potato
33.8,62.4,319,6.06,47,28,45,Millet
37.6,54.2,383,7.31,78,33,75,Cotton
31.1,63.1,493,6.6,35,38,50,Groundnut
22.8,93.8,671,6.24,108,53,68,Rice
23.3,66.4,309,6.08,69,45,55,Wheat
24.5,65.2,365,6.23,107,30,61,Maize
17.5,68.9,253,7.32,75,24,58,Barley
24.5,67.2,382,7.29,84,35,52,Barley
32.3,43.6,305,6.2,66,31,43,Cotton
32.8,68.3,518,6.7,87,51,54,Sugarcane
20.9,48.5,394,7.07,40,48,32,Barley
25.2,78.9,432,6.31,31,54,56,Soybean
26.6,42.6,549,6.73,96,47,34,Wheat
32.2,70.5,306,7.18,66,55,44,Cotton
28.5,73.1,537,6.03,137,65,57,Sugarcane
19.4,63.7,480,6.05,83,45,67,Potato
31.9,81.8,496,6.11,109,33,66,Rice
22.6,51.4,524,5.96,61,39,68,Tomato
24.5,49.6,339,5.93,23,29,45,Groundnut
17.8,80.7,303,5.87,70,44,89,Potato
31.9,66.4,528,6.62,135,44,71,Sugarcane
36.7,62.1,439,7.59,68,55,79,Cotton
26.5,71.2,398,6.7,45,49,75,Soybean
21.5,55.0,443,6.96,71,28,54,Barley
30.6,67.5,341,6.93,66,49,58,Soybean
21.4,61.9,572,7.11,38,56,51,Soybean
21.2,48.3,399,6.06,55,37,49,Barley
33.4,50.5,422,7.41,52,30,31,Millet
24.7,69.7,317,5.57,43,57,64,Groundnut
16.5,61.1,359,5.03,64,41,50,Potato
27.5,64.6,267,7.68,60,43,39,Cotton
21.9,66.3,271,6.64,57,47,27,Barley
26.1,74.1,709,6.65,83,32,56,Sugarcane
25.7,56.8,519,6.27,103,51,50,Maize
31.9,89.7,455,5.6,108,60,38,Rice
20.0,74.3,372,6.03,50,33,40,Soybean
27.7,53.0,410,6.67,52,62,54,Soybean
23.7,77.5,493,6.86,69,52,42,Soybean
28.7,54.6,326,7.49,35,28,47,Chickpea
24.3,71.6,389,6.8,50,59,45,Soybean
33.1,55.0,281,5.76,104,41,83,Cotton
21.5,58.3,540,6.27,83,49,79,Tomato
21.5,76.2,428,6.71,96,34,73,Tomato
27.5,79.8,746,7.1,84,54,56,Sugarcane
26.8,60.3,375,6.07,47,37,68,Groundnut
32.0,61.0,482,7.05,63,56,37,Soybean
29.2,87.0,624,6.63,109,46,32,Rice
28.4,70.6,490,5.87,68,31,68,Rice
30.2,69.9,504,6.92,87,38,75,Sugarcane
27.6,72.2,476,6.94,77,43,77,Maize
27.9,42.7,363,6.13,57,26,65,Chickpea
20.8,61.5,253,7.26,55,21,53,Barley
26.1,53.1,527,6.8,88,52,81,Tomato
22.4,94.2,624,6.39,118,30,31,Rice
17.8,35.1,318,6.86,89,32,55,Barley
26.4,62.0,339,6.78,67,34,99,Tomato
37.2,43.6,351,7.48,52,35,53,Cotton
31.9,69.1,275,6.23,54,34,30,Groundnut
29.3,63.1,357,6.92,53,63,73,Soybean
16.0,67.3,318,6.75,78,50,70,Wheat
33.1,61.6,355,5.76,97,59,41,Cotton
24.9,42.7,495,7.05,79,38,48,Barley
37.6,51.4,419,6.56,61,54,55,Cotton
22.1,86.4,520,6.48,111,60,77,Sugarcane
28.6,45.2,369,6.81,32,22,50,Millet
19.0,42.4,368,7.04,56,28,32,Chickpea
22.4,47.6,380,6.51,59,39,31,Groundnut
12.5,69.0,264,6.65,88,49,51,Barley
28.0,59.7,286,7.05,20,40,43,Millet
24.9,62.3,291,5.78,70,47,58,Millet
27.4,50.9,320,7.14,53,32,59,Soybean
25.0,54.2,517,6.36,47,55,41,Soybean
30.1,61.9,266,5.9,44,35,53,Groundnut
19.8,41.3,333,7.1,57,46,53,Barley
28.2,51.3,403,6.64,65,30,35,Millet
25.5,68.1,456,6.99,83,28,26,Wheat
21.9,74.0,557,5.84,64,51,57,Maize
29.2,67.8,364,6.23,86,58,35,Maize
31.0,56.1,463,6.43,57,43,57,Soybean
20.5,76.0,510,6.22,98,61,36,Maize
27.8,71.6,306,6.96,93,38,57,Tomato
22.3,67.2,344,5.53,75,47,91,Tomato
18.3,55.5,443,6.84,89,35,46,Wheat
20.0,65.1,587,5.01,62,72,75,Potato
31.7,66.6,492,6.5,58,37,59,Soybean
35.3,54.9,370,6.32,82,32,50,Cotton
31.6,55.9,305,7.0,54,44,58,Soybean
20.0,35.4,439,7.1,54,28,52,Chickpea
29.1,53.7,378,6.82,71,45,47,Maize
30.4,30.1,435,7.11,32,29,41,Millet
23.7,54.5,373,7.27,57,47,35,Chickpea
24.7,73.5,473,7.21,53,43,45,Soybean
21.9,67.0,310,6.41,50,37,32,Wheat
22.3,35.6,301,6.15,66,55,55,Barley
28.4,42.4,297,6.33,79,34,35,Cotton
28.2,87.0,682,6.8,126,44,68,Sugarcane
21.8,61.6,595,6.32,57,51,52,Soybean
30.7,49.4,409,6.05,25,38,53,Groundnut
25.5,67.6,506,5.94,93,38,76,Maize
23.8,35.2,342,7.1,39,43,67,Chickpea
17.2,43.6,282,7.41,70,55,28,Wheat
19.7,40.1,434,6.05,57,53,47,Barley
25.7,73.8,366,5.92,55,57,59,Tomato
19.2,83.9,598,5.91,100,78,107,Potato
31.5,53.7,469,6.51,98,54,53,Cotton
18.9,45.7,317,7.12,37,36,28,Chickpea
26.0,77.6,539,5.98,80,63,57,Maize
16.3,36.6,270,7.0,88,30,64,Barley
33.4,53.5,377,6.93,69,28,28,Millet
31.9,68.7,727,7.04,88,34,69,Sugarcane
21.2,69.9,510,5.91,63,57,38,Maize
31.8,83.0,670,7.23,139,58,69,Sugarcane
25.5,74.5,423,6.35,85,29,34,Rice
34.3,64.4,358,6.43,94,31,77,Cotton
25.8,43.7,310,6.42,90,26,56,Wheat
26.9,85.3,547,7.23,142,46,51,Sugarcane
24.5,70.7,327,7.09,100,53,75,Maize
20.0,46.8,377,6.86,100,31,60,Wheat
28.0,37.3,401,6.62,24,26,39,Millet
33.4,85.6,451,7.43,88,47,72,Sugarcane
29.2,42.2,264,6.81,20,46,61,Chickpea
30.7,40.0,269,7.74,53,33,67,Cotton
26.4,87.5,412,5.54,100,40,70,Rice
29.5,81.9,535,6.27,66,53,57,Rice
33.5,34.8,263,6.15,60,38,25,Millet
30.7,45.2,253,6.37,38,40,58,Groundnut
22.4,55.6,428,6.65,36,57,35,Groundnut
15.1,68.4,529,6.69,93,46,101,Potato
25.4,69.0,311,5.78,27,32,68,Groundnut
22.8,71.9,594,7.06,56,57,53,Soybean
15.0,74.3,525,5.13,53,51,81,Potato
29.4,59.2,443,6.98,34,48,35,Soybean
30.3,69.4,704,6.96,128,42,83,Sugarcane
17.8,41.3,383,6.82,74,50,66,Wheat
29.5,42.5,375,7.17,87,26,49,Cotton
28.1,78.7,385,6.11,65,40,55,Soybean
26.6,69.2,575,7.45,25,59,53,Soybean
26.2,82.7,652,6.03,117,61,53,Sugarcane
23.0,62.7,323,6.14,37,32,54,Chickpea
23.2,86.3,621,6.22,97,45,115,Sugarcane
24.4,76.2,574,6.94,66,58,72,Maize
31.9,83.0,561,5.95,63,60,62,Rice
30.7,68.2,330,6.98,20,55,56,Groundnut
21.1,63.1,352,6.2,78,74,52,Potato
25.2,72.9,550,6.78,68,46,35,Wheat
21.6,68.4,467,7.07,66,45,36,Barley
16.5,56.7,547,7.31,84,33,39,Wheat
22.8,61.2,424,5.81,44,50,40,Groundnut
23.6,70.4,336,7.21,51,36,78,Soybean
31.5,46.0,349,6.14,52,30,75,Cotton
25.3,53.6,488,6.01,36,26,30,Groundnut
25.2,62.6,319,7.08,33,43,56,Chickpea
31.5,75.3,366,7.02,79,57,75,Maize
24.0,63.4,566,6.98,61,60,53,Soybean
24.1,56.1,306,6.25,24,40,59,Chickpea
21.0,57.9,453,6.55,40,35,64,Wheat
27.9,62.1,381,7.18,54,45,37,Cotton
26.4,62.1,503,5.87,92,69,95,Tomato
26.1,38.2,225,6.44,39,25,56,Chickpea
31.1,82.6,548,5.91,61,45,63,Rice
27.6,53.4,487,6.23,82,66,89,Tomato
21.1,55.3,479,6.44,66,41,61,Barley
15.7,59.5,468,6.43,75,35,45,Barley
24.6,54.2,307,6.36,32,39,41,Groundnut
27.1,49.9,409,6.43,25,44,63,Chickpea
31.0,68.5,429,6.57,79,70,74,Maize
28.8,43.1,410,7.82,35,50,46,Chickpea
24.1,61.5,268,6.54,81,20,35,Wheat
27.0,61.3,472,6.4,89,57,56,Maize
29.6,65.7,302,6.06,62,67,56,Soybean
36.2,49.1,450,5.61,53,44,39,Cotton
18.6,83.3,403,5.62,75,36,109,Potato
26.3,34.1,279,6.96,67,48,53,Millet
25.1,64.5,406,6.01,37,30,44,Soybean
27.5,70.0,496,5.82,110,45,54,Rice
30.8,70.3,553,6.38,49,64,66,Soybean
15.2,63.9,355,6.18,77,33,28,Barley
22.5,78.0,668,6.16,99,34,75,Sugarcane
25.2,58.6,361,7.94,55,25,30,Chickpea
20.9,64.2,368,6.67,69,55,59,Barley
21.4,51.4,484,7.33,67,45,27,Wheat
21.5,79.0,492,6.96,82,54,41,Maize
34.4,63.6,439,7.29,94,38,68,Cotton
29.8,47.9,387,6.33,65,42,47,Millet
23.9,62.5,342,6.79,79,79,114,Potato
30.0,56.7,521,6.81,67,61,41,Soybean
29.7,78.5,719,6.11,116,38,58,Sugarcane
24.6,71.4,400,7.17,64,42,79,Soybean
27.9,61.6,285,6.04,60,26,62,Groundnut
20.4,65.6,503,5.95,71,31,67,Potato
19.5,82.0,482,5.94,97,44,106,Potato
34.7,52.6,268,6.27,51,24,31,Millet
26.4,35.4,416,7.23,57,27,43,Millet
32.0,71.2,530,7.02,32,65,39,Soybean
20.2,48.9,308,6.77,72,31,43,Maize
29.7,86.4,531,5.75,99,27,61,Rice
25.1,53.4,406,6.79,60,54,61,Wheat
28.2,59.4,390,6.48,63,29,22,Millet
22.2,54.0,409,5.93,41,40,49,Groundnut
28.1,79.6,375,6.33,87,40,33,Maize
31.0,64.0,369,7.2,83,43,74,Cotton
19.1,39.4,376,7.52,20,28,54,Chickpea
22.5,82.8,528,7.43,97,62,90,Sugarcane
21.9,68.9,399,6.68,63,24,37,Wheat
22.9,71.3,450,6.43,147,61,100,Sugarcane
24.7,79.6,366,6.55,90,34,54,Maize
32.8,55.6,400,6.84,31,31,22,Millet
29.5,91.3,564,6.31,107,59,63,Rice
21.3,66.0,517,5.84,60,34,92,Tomato
21.8,61.2,501,6.38,60,65,50,Tomato
24.5,69.3,292,6.63,71,55,28,Barley
15.5,67.1,454,6.33,56,53,42,Barley
29.4,38.4,292,6.89,59,26,37,Chickpea
26.1,64.3,406,7.86,34,50,47,Chickpea
22.1,73.8,392,5.34,94,40,62,Potato
30.7,72.9,471,5.81,107,47,70,Rice
25.4,50.3,437,5.93,52,33,54,Millet
30.8,73.6,352,6.56,53,44,62,Cotton
27.3,32.6,232,6.84,33,29,40,Millet
37.8,56.9,262,6.29,110,44,35,Cotton
20.6,56.5,467,6.62,28,42,62,Soybean
33.8,67.1,403,6.44,72,38,47,Cotton
27.0,63.9,305,6.69,36,37,56,Soybean
24.0,83.3,333,6.39,58,74,83,Potato
27.0,41.7,463,7.49,50,38,64,Wheat
19.0,57.2,296,6.08,78,34,26,Wheat
20.1,65.1,368,6.6,60,66,80,Soybean
31.6,73.2,652,6.0,66,53,31,Rice
21.5,64.4,376,6.28,68,40,59,Barley
18.4,75.2,489,5.18,105,62,63,Potato
30.4,59.8,407,6.35,31,44,41,Groundnut
28.0,53.4,408,6.04,120,35,36,Maize
22.6,49.8,356,6.11,72,49,37,Barley
21.4,38.1,205,7.75,28,42,47,Chickpea
30.9,77.8,464,7.4,136,34,114,Sugarcane
32.3,59.6,440,6.63,44,28,57,Millet
27.0,60.9,530,6.67,76,51,41,Maize
29.0,62.9,547,6.04,83,48,65,Sugarcane
32.9,48.8,283,5.53,56,44,37,Millet
36.9,65.1,485,7.61,78,52,66,Cotton
23.3,59.6,392,6.86,20,38,54,Groundnut
18.3,56.3,516,7.24,65,26,25,Wheat
22.1,73.4,355,5.75,120,47,58,Rice
24.5,89.6,709,6.54,112,62,64,Sugarcane
18.5,55.8,372,7.41,79,22,63,Wheat
20.5,74.7,395,5.63,92,50,87,Tomato
25.3,50.0,239,6.5,36,26,49,Millet
16.5,45.2,540,6.88,88,26,31,Wheat
23.0,59.2,290,6.46,46,37,70,Groundnut
30.0,42.7,282,7.39,60,58,82,Cotton
28.5,56.6,450,7.36,60,41,44,Millet
31.3,32.8,431,6.18,22,27,23,Millet
20.5,57.1,343,6.58,53,46,60,Barley
27.8,54.6,334,6.33,42,56,53,Groundnut
36.4,54.8,441,6.18,70,31,73,Cotton
33.3,77.4,735,6.41,82,66,111,Sugarcane
25.3,59.5,544,7.23,98,36,51,Wheat
19.6,39.2,447,6.37,22,41,28,Chickpea
21.4,42.9,256,7.04,66,33,33,Wheat
34.7,56.1,305,6.12,68,34,55,Millet
22.7,56.5,315,5.99,29,36,46,Groundnut
35.5,63.8,469,7.15,57,52,44,Cotton
23.1,67.6,520,6.5,125,59,107,Sugarcane
24.9,70.5,358,7.42,54,68,43,Soybean
29.5,62.5,430,6.35,65,26,31,Millet
19.7,73.1,533,5.64,82,39,98,Tomato
29.5,90.8,496,6.66,74,47,39,Rice
32.4,80.6,547,7.03,126,64,120,Sugarcane
24.9,52.1,355,6.63,47,27,51,Groundnut
22.6,70.3,326,6.52,67,60,79,Soybean
20.4,75.3,551,6.46,86,51,75,Maize
24.7,63.6,361,7.31,30,41,28,Chickpea
26.5,68.1,583,6.72,101,44,116,Sugarcane
24.5,84.4,395,6.6,92,33,96,Potato
25.2,40.0,392,6.48,35,42,37,Millet
22.7,82.6,631,5.92,99,32,33,Rice
18.9,41.9,296,6.55,94,41,30,Wheat
22.5,79.3,421,5.86,98,74,77,Potato
29.2,73.3,494,6.69,34,27,48,Groundnut
18.3,64.6,309,6.9,50,36,33,Barley
21.4,69.9,519,6.7,108,65,57,Potato
20.0,57.7,522,5.94,99,38,53,Tomato
28.0,59.6,332,6.51,51,37,47,Tomato
26.2,33.5,337,6.26,70,34,20,Millet
21.0,63.0,340,6.5,54,69,95,Tomato
26.5,57.0,584,6.89,38,45,63,Soybean
19.3,52.9,307,7.44,88,30,32,Barley
21.0,54.6,424,6.16,43,29,44,Chickpea
20.2,44.2,544,6.82,60,33,27,Wheat
27.6,68.2,710,6.45,131,33,88,Sugarcane
14.5,51.1,330,7.04,80,41,32,Barley
28.4,60.3,426,6.43,31,43,44,Chickpea
27.7,36.5,202,6.77,54,57,33,Chickpea
35.3,65.6,310,5.76,106,36,81,Cotton
29.6,48.2,428,7.36,46,57,69,Chickpea
31.8,62.8,402,6.25,60,50,53,Millet
31.1,67.3,321,6.49,35,28,39,Groundnut
28.5,60.9,273,5.94,55,34,45,Groundnut
25.7,54.3,311,6.48,39,37,48,Millet
22.7,64.4,530,6.67,59,28,44,Wheat
27.9,63.9,450,5.99,48,39,57,Millet
24.3,57.3,380,6.28,99,54,80,Tomato
21.3,58.9,543,6.95,58,68,78,Tomato
22.1,63.0,225,6.42,36,39,65,Chickpea
16.4,49.7,325,6.74,95,33,58,Wheat
22.2,60.4,380,6.47,47,46,43,Groundnut
19.7,72.5,439,6.93,51,67,86,Tomato
27.1,47.2,420,5.67,48,27,38,Millet
18.3,71.7,429,6.79,77,49,92,Tomato
31.9,78.8,333,7.23,49,42,51,Soybean
21.3,52.7,511,6.14,59,44,83,Tomato
20.3,66.0,366,6.21,96,33,80,Maize
23.2,36.9,400,7.43,52,23,42,Barley
23.4,66.0,322,6.88,69,58,48,Soybean
21.7,58.4,282,6.26,57,48,26,Barley
28.5,73.3,557,6.66,72,67,70,Maize
21.6,71.3,597,7.01,63,49,59,Maize
27.4,92.3,430,6.57,119,36,48,Rice
17.7,79.7,513,5.72,54,60,111,Potato
24.1,74.3,501,6.14,57,50,70,Tomato
20.5,62.5,504,5.5,110,35,112,Potato
25.6,56.9,540,6.8,62,41,68,Wheat
24.5,70.2,562,7.12,42,56,47,Soybean
29.4,52.8,300,7.6,54,43,33,Chickpea
34.9,82.7,629,6.04,129,57,63,Sugarcane
31.5,77.8,481,6.66,144,30,60,Sugarcane
24.5,55.8,346,6.6,25,48,60,Groundnut
26.6,87.4,673,5.77,68,29,70,Rice
37.7,74.8,373,7.99,88,59,35,Cotton
35.6,41.1,435,5.88,98,30,39,Cotton
18.9,57.0,306,7.32,45,35,34,Chickpea
31.2,68.1,557,6.44,33,36,70,Soybean
20.7,57.2,352,6.92,51,51,31,Wheat
18.8,57.9,383,6.86,79,44,90,Tomato
26.1,80.2,644,5.61,80,29,53,Rice
22.8,68.6,367,6.62,61,27,55,Wheat
23.6,76.0,536,6.69,52,41,78,Soybean
36.2,56.1,262,7.72,93,48,51,Cotton
25.5,73.7,438,6.86,56,64,62,Soybean
21.4,66.8,477,6.43,87,31,40,Maize
19.9,43.9,284,7.2,76,35,34,Barley
18.6,46.4,331,6.79,52,60,49,Chickpea
19.4,48.0,493,6.74,50,55,38,Barley
19.6,65.7,340,6.74,102,48,96,Potato
18.8,61.9,332,6.29,92,59,113,Potato
28.6,63.6,413,6.1,51,45,33,Millet
36.3,51.0,338,6.21,57,43,52,Cotton
29.6,62.4,475,6.41,150,64,60,Sugarcane
19.7,79.0,418,6.09,69,64,82,Tomato
29.8,43.1,336,5.93,66,37,43,Millet
24.0,76.6,612,7.14,101,54,76,Sugarcane
23.0,70.8,358,6.84,33,58,39,Groundnut
22.3,56.9,407,6.87,89,45,33,Wheat
37.6,64.1,312,7.8,107,58,71,Cotton
23.1,61.4,442,7.43,44,53,41,Chickpea
24.3,72.7,361,6.3,79,38,68,Wheat
22.1,76.2,316,5.77,70,68,42,Tomato
20.2,51.5,444,5.76,66,55,83,Tomato
24.4,68.2,739,6.58,148,33,82,Sugarcane
26.8,45.2,322,7.84,60,48,37,Chickpea
21.4,74.2,375,5.59,56,48,52,Potato
22.5,81.9,621,5.74,92,30,36,Rice
24.0,61.0,351,7.79,91,39,43,Cotton
35.3,51.7,375,7.34,84,41,77,Cotton
24.0,57.1,509,5.88,93,50,84,Tomato
23.5,81.2,539,6.06,108,29,61,Rice
19.7,69.5,320,6.55,60,67,117,Potato
32.0,74.2,721,6.1,138,52,88,Sugarcane
18.8,46.8,310,6.04,80,27,38,Wheat
15.0,71.2,465,5.18,89,67,84,Potato
25.9,63.6,368,6.8,38,47,40,Soybean
29.7,31.6,284,7.24,46,39,38,Millet
25.6,49.7,472,5.71,60,58,48,Groundnut
26.7,62.9,309,6.79,56,36,55,Groundnut
20.8,49.5,333,5.98,119,66,44,Maize
23.6,73.0,458,7.07,98,38,52,Maize
20.3,52.0,514,5.93,52,31,85,Tomato
34.4,68.7,451,6.81,64,37,58,Cotton
26.4,46.3,299,6.71,87,36,60,Wheat
16.7,49.8,381,6.02,47,31,62,Wheat
17.4,70.7,462,5.08,89,47,69,Potato
23.2,71.5,463,5.7,112,50,48,Rice
31.2,73.6,533,6.88,121,31,65,Sugarcane
28.2,47.2,349,6.92,113,40,76,Maize
28.9,78.4,483,6.06,81,57,67,Tomato
17.7,82.4,525,5.8,68,55,70,Potato
23.9,71.7,688,5.84,78,30,39,Rice
24.2,72.1,561,6.47,131,47,81,Sugarcane
33.0,42.4,355,7.14,52,30,59,Millet
21.1,66.0,491,6.7,64,50,44,Soybean
25.5,71.1,380,6.22,27,59,52,Soybean
26.3,62.5,284,6.82,64,41,20,Millet
21.9,52.0,545,7.14,77,37,56,Maize
22.3,66.7,595,6.86,96,63,42,Maize
34.6,67.5,470,6.35,111,32,59,Sugarcane
18.2,83.5,436,5.75,81,76,109,Potato
25.7,67.4,417,6.5,102,42,90,Cotton
18.8,62.1,506,5.16,91,72,60,Potato
21.0,63.3,303,6.25,51,55,50,Wheat
22.4,73.1,666,6.1,91,46,95,Sugarcane
26.2,65.1,432,6.03,63,39,50,Maize
26.3,69.9,483,6.04,66,55,75,Soybean
20.8,60.0,302,5.98,67,43,86,Tomato
34.7,40.7,430,6.01,92,41,53,Cotton
26.6,49.7,343,6.21,93,52,44,Maize
34.5,72.4,420,6.2,56,38,70,Cotton
26.1,67.9,425,6.35,59,34,78,Soybean
31.0,73.5,413,6.38,84,47,52,Rice
24.0,46.1,289,7.11,85,51,32,Wheat
28.2,78.4,425,6.01,64,57,66,Soybean
34.1,54.7,333,7.43,51,36,35,Millet
24.3,72.8,555,6.21,87,47,71,Potato
18.3,66.6,530,6.98,91,50,85,Tomato
19.8,60.4,369,6.38,59,25,61,Wheat
21.1,78.1,392,6.61,88,67,106,Potato
21.7,50.1,241,6.88,28,45,37,Chickpea
25.6,41.3,425,6.77,78,45,37,Cotton
34.3,67.7,653,6.43,116,48,83,Sugarcane
28.0,55.0,338,6.39,58,45,47,Soybean
21.6,61.5,334,6.09,74,45,55,Potato
23.8,89.2,660,7.37,116,47,81,Sugarcane
26.9,64.6,362,6.14,37,51,25,Chickpea
30.6,33.6,398,7.0,28,32,28,Millet
21.4,63.1,296,6.33,48,20,34,Wheat
27.6,55.6,520,5.54,95,55,43,Tomato
20.8,59.7,580,6.83,89,31,78,Maize
28.5,37.0,431,6.71,35,32,26,Chickpea
30.7,39.6,278,5.79,59,41,21,Millet
19.2,49.7,484,7.38,40,53,51,Wheat
31.7,64.5,264,6.28,34,46,44,Groundnut
31.4,75.7,500,6.41,146,49,101,Sugarcane
14.4,37.2,456,6.16,75,24,38,Barley
24.1,33.4,231,5.57,20,29,55,Millet
28.5,56.0,306,6.87,25,30,48,Groundnut
18.5,38.1,318,7.21,47,38,42,Barley
29.9,87.6,690,6.77,129,67,67,Sugarcane
37.1,47.2,430,7.34,72,39,63,Cotton
26.5,54.7,377,6.41,61,38,53,Wheat
22.7,45.8,273,6.45,58,49,58,Wheat
27.1,51.2,280,6.03,51,48,58,Groundnut
27.7,70.1,352,6.35,79,58,33,Maize
30.8,92.8,670,6.52,95,56,28,Rice
17.4,54.0,483,6.41,64,50,51,Wheat
23.8,41.1,477,6.9,64,36,63,Barley
23.2,47.5,467,7.25,53,54,69,Wheat
23.3,91.3,525,6.84,108,28,27,Rice
35.3,45.6,282,6.94,74,54,35,Cotton
23.5,74.4,617,6.95,77,59,55,Rice
23.3,36.3,289,6.11,48,32,45,Barley
22.5,78.2,513,6.14,87,30,53,Tomato
29.4,66.1,443,7.29,30,46,59,Soybean
33.0,67.6,626,6.53,111,47,107,Sugarcane
32.5,58.3,446,6.35,100,33,56,Cotton
25.6,67.1,493,6.28,83,37,93,Tomato
21.9,67.7,255,6.95,69,43,37,Barley
19.2,43.7,419,6.9,75,29,55,Barley
29.0,69.1,349,6.12,60,44,62,Tomato
26.0,48.6,253,6.92,102,51,44,Cotton
27.3,72.0,252,6.63,42,22,55,Wheat
32.6,34.3,292,5.82,61,21,28,Millet
27.3,55.7,335,7.46,91,32,33,Wheat
28.6,70.6,357,6.04,110,40,62,Rice
28.7,78.7,486,6.63,149,35,91,Sugarcane
19.6,49.7,262,6.94,81,23,61,Barley
31.9,55.5,307,6.13,56,36,32,Groundnut
25.8,52.9,486,6.49,59,49,44,Tomato
19.6,62.8,215,7.11,25,41,69,Chickpea
24.8,45.8,456,6.03,54,28,38,Wheat
21.5,58.0,527,6.54,93,43,51,Tomato
19.1,64.7,518,7.15,76,34,67,Wheat
19.1,37.4,355,7.21,85,36,26,Barley
25.0,73.1,508,6.23,65,31,53,Tomato
20.1,76.1,302,6.63,84,41,62,Tomato
27.3,87.9,732,7.09,118,43,110,Sugarcane
23.5,78.4,504,6.37,97,31,45,Tomato
22.1,61.8,396,6.32,49,48,63,Chickpea
25.5,66.9,324,7.44,39,49,63,Soybean
24.6,47.3,312,6.39,39,53,66,Groundnut
24.7,68.9,464,6.98,133,35,97,Sugarcane
23.4,52.3,566,6.15,69,64,77,Soybean
34.3,78.9,530,6.53,127,48,55,Sugarcane
29.3,61.6,365,6.41,27,39,53,Groundnut
22.1,80.3,393,6.59,95,40,61,Rice
27.0,56.8,492,7.2,81,28,55,Wheat
29.3,60.6,258,6.31,56,47,90,Cotton
29.8,84.1,398,6.84,118,27,39,Rice
29.3,56.3,535,6.91,57,45,46,Tomato
27.7,70.0,564,7.44,52,58,72,Soybean
29.5,47.1,318,6.36,51,35,51,Millet
26.8,63.4,256,5.51,27,20,44,Millet
27.6,35.1,276,7.76,22,38,35,Chickpea
25.6,75.5,503,6.76,105,54,75,Maize
23.8,59.5,292,7.17,68,50,64,Barley
29.9,64.9,531,6.9,128,35,62,Sugarcane
24.5,35.2,437,5.73,53,24,34,Millet
20.8,51.7,372,7.11,68,35,41,Maize
33.4,83.6,645,7.48,99,55,96,Sugarcane
28.5,45.6,434,6.91,34,30,58,Chickpea
31.3,59.8,297,7.23,20,38,36,Millet
20.1,52.6,416,6.93,72,54,58,Barley
27.3,77.4,640,6.7,124,48,68,Sugarcane
28.3,46.9,238,6.57,59,43,59,Chickpea
21.9,61.9,221,7.0,30,53,35,Chickpea
24.8,72.0,522,5.89,108,32,72,Maize
24.6,47.0,322,5.59,35,29,52,Groundnut
26.6,60.5,400,6.74,33,29,38,Groundnut
21.5,48.8,580,6.37,81,70,35,Maize
17.2,77.8,446,5.06,53,37,52,Potato
30.3,38.0,378,7.34,21,40,43,Millet
19.8,51.6,314,6.33,67,31,91,Tomato
24.8,38.5,376,7.09,35,33,25,Chickpea
27.4,53.6,419,7.44,28,25,37,Chickpea
22.2,78.2,486,6.27,67,36,72,Maize
26.2,61.6,436,6.59,84,41,45,Wheat
24.7,83.7,622,6.27,143,53,81,Sugarcane
21.9,65.0,411,6.67,91,67,73,Potato
31.2,61.0,269,5.93,44,43,58,Groundnut
25.8,49.4,266,7.03,28,33,36,Millet
21.5,62.8,481,6.39,106,69,58,Maize
23.0,52.1,345,6.68,70,52,76,Tomato
23.6,64.5,543,7.18,51,49,62,Wheat
21.2,75.9,507,6.49,41,59,42,Soybean
18.0,40.4,295,7.36,93,51,34,Wheat
31.7,74.3,666,6.19,104,48,30,Rice
34.3,70.8,318,6.74,60,38,57,Cotton
24.1,89.7,569,7.4,107,52,53,Sugarcane
24.6,63.1,439,7.21,56,35,56,Wheat
26.8,61.5,374,7.44,83,40,49,Wheat
23.9,71.2,551,6.64,36,54,54,Soybean
25.4,70.9,263,6.3,90,29,47,Cotton
25.7,89.8,357,5.9,67,54,48,Rice
26.6,69.9,460,6.48,51,57,50,Soybean
27.0,53.7,457,6.21,52,68,49,Soybean
34.8,37.1,260,5.51,50,42,43,Millet
25.9,53.4,332,6.67,58,26,32,Groundnut
27.8,63.9,324,7.26,84,38,38,Wheat
20.9,41.1,493,6.17,70,49,35,Wheat
29.6,62.6,441,7.13,93,44,49,Maize
16.8,78.0,395,6.04,90,61,81,Potato
30.8,32.7,410,6.48,22,31,29,Millet
17.7,62.8,512,6.03,89,20,55,Wheat
19.0,65.3,367,6.14,81,30,38,Barley
34.1,30.0,417,6.55,24,36,54,Millet
32.3,58.8,307,7.43,43,44,25,Millet
26.2,52.0,458,6.54,65,66,94,Tomato
26.8,51.8,385,6.45,21,53,50,Chickpea
21.2,47.7,354,6.61,50,51,70,Chickpea
21.7,42.3,432,6.27,89,24,35,Barley
23.1,62.1,336,5.06,71,32,69,Potato
29.9,69.6,264,6.61,95,28,55,Cotton
17.0,67.0,454,5.43,74,71,60,Potato
26.5,56.6,288,6.01,50,25,56,Chickpea
20.0,62.1,471,6.47,64,27,59,Wheat
29.5,48.3,289,6.27,65,34,36,Millet
21.4,54.7,334,6.64,83,67,60,Maize
25.0,38.1,430,6.33,20,33,37,Chickpea
26.4,65.9,472,6.97,100,24,68,Wheat
14.7,44.8,456,6.3,60,49,26,Barley
13.2,36.5,277,6.85,66,50,33,Barley
29.0,60.5,532,6.14,114,61,65,Sugarcane
29.4,71.2,358,6.99,35,60,38,Soybean
25.1,59.2,474,6.25,85,52,83,Tomato
25.9,66.8,338,6.61,56,47,64,Groundnut
26.3,62.8,656,6.86,129,56,98,Sugarcane
19.7,37.4,216,7.77,53,39,47,Chickpea
27.6,50.3,363,6.33,78,41,71,Cotton
23.9,60.6,548,6.36,99,35,52,Maize
24.2,62.0,533,6.61,27,68,74,Soybean
24.0,63.4,415,6.39,89,24,42,Wheat
26.1,67.3,359,7.29,81,34,68,Wheat
22.4,51.6,320,5.99,86,51,32,Maize
15.4,62.2,576,6.35,74,75,82,Potato
21.0,64.1,401,5.94,95,51,80,Potato
26.5,45.3,329,6.47,102,55,37,Cotton
21.1,78.1,392,5.11,93,79,111,Potato
22.4,74.1,523,7.37,85,64,98,Sugarcane
28.6,72.6,586,6.08,134,70,112,Sugarcane
24.6,72.5,309,7.41,107,57,41,Cotton
32.9,64.7,323,7.33,56,36,67,Cotton
24.1,61.4,544,7.19,90,25,64,Wheat
24.2,50.2,424,7.36,42,26,58,Chickpea
31.1,64.2,625,6.27,119,52,72,Sugarcane
33.4,36.7,355,6.71,63,45,51,Millet
12.6,49.0,363,7.43,68,43,31,Barley
32.3,47.3,380,7.32,47,42,45,Millet
23.6,35.6,392,6.25,53,36,70,Chickpea
20.3,42.8,253,6.37,75,37,64,Wheat
19.7,41.9,364,7.27,61,55,64,Wheat
22.2,82.3,495,6.48,126,68,58,Sugarcane
21.0,69.5,260,7.37,44,22,27,Barley
27.1,72.2,317,5.91,49,28,55,Groundnut
33.8,37.9,227,7.09,37,49,24,Millet
27.2,64.9,282,6.76,90,50,88,Cotton
30.7,35.2,417,5.91,30,44,55,Millet
31.9,57.1,257,5.51,24,43,49,Groundnut
28.2,58.5,422,5.54,55,39,43,Groundnut
24.4,50.2,377,6.85,108,49,57,Maize
25.9,46.4,446,6.97,102,57,40,Cotton
23.2,55.5,201,7.36,56,44,38,Chickpea
28.5,79.9,578,7.08,60,49,48,Maize
20.5,50.7,493,6.11,82,35,27,Barley
16.4,45.2,355,6.78,81,34,62,Barley
26.5,52.3,381,7.77,54,52,67,Chickpea
31.3,69.0,252,6.29,61,34,65,Cotton
28.9,63.4,253,6.56,70,36,60,Millet
28.6,69.6,358,6.38,118,34,37,Maize
26.4,54.2,439,6.94,85,20,65,Wheat
28.6,72.7,591,6.04,66,68,50,Maize
27.0,56.7,508,6.66,96,46,59,Tomato
31.0,81.5,393,6.37,92,33,65,Rice
15.2,77.3,497,5.83,74,37,55,Potato
26.8,50.9,233,7.7,37,26,35,Chickpea
34.8,70.0,480,7.61,80,32,52,Cotton
21.4,50.8,226,7.86,32,28,30,Chickpea
32.5,38.9,391,7.09,46,46,22,Millet
21.1,61.2,488,6.79,87,75,58,Potato
22.1,53.5,429,6.7,33,34,56,Groundnut
23.8,67.0,457,6.19,62,33,63,Barley
29.4,66.8,417,6.99,47,65,62,Soybean
25.1,77.6,543,7.18,114,36,76,Maize
19.9,54.4,537,6.66,55,30,70,Wheat
13.0,47.8,307,7.41,88,27,59,Barley
21.8,45.0,329,6.79,36,35,52,Chickpea
15.2,61.8,513,6.15,74,42,60,Wheat
18.4,78.0,480,6.49,105,72,77,Potato
20.2,58.8,306,6.04,90,59,74,Maize
15.3,58.8,478,7.02,45,52,50,Wheat
27.1,74.1,404,6.13,65,57,76,Maize
16.8,69.8,541,6.04,52,32,28,Wheat
23.1,48.1,488,6.04,96,37,30,Maize
26.3,55.2,523,5.91,111,60,49,Maize
18.4,44.1,302,6.63,24,55,65,Chickpea
24.5,44.9,326,7.78,24,57,62,Chickpea
24.7,84.8,486,6.1,137,37,104,Sugarcane
22.8,48.6,215,6.91,24,33,69,Chickpea
23.7,83.3,312,6.24,76,80,93,Potato
28.4,80.0,624,6.0,61,32,41,Rice
18.2,71.2,426,6.53,95,47,46,Tomato
29.5,60.9,455,6.38,48,44,51,Soybean
31.5,51.7,368,7.14,93,31,59,Cotton
31.7,57.3,457,6.13,28,44,64,Groundnut
22.3,37.5,373,7.45,59,29,70,Chickpea
27.2,77.2,532,6.24,56,38,54,Tomato
17.9,82.9,420,6.62,68,50,81,Potato
22.7,56.8,201,7.18,41,42,52,Chickpea
29.4,63.9,398,6.99,29,48,49,Chickpea
21.3,70.7,361,6.53,113,67,79,Maize
24.8,43.7,402,6.03,45,30,52,Barley
26.7,56.0,428,7.37,21,35,69,Chickpea
26.8,72.1,460,7.49,30,65,41,Soybean
26.6,75.1,429,6.68,57,51,45,Soybean
26.4,62.5,305,6.56,25,36,47,Millet
16.4,84.1,413,5.76,107,70,106,Potato
14.0,53.3,453,6.9,67,29,50,Barley
31.0,51.8,313,6.17,47,57,45,Groundnut
28.6,56.2,354,6.4,57,30,39,Groundnut
20.9,46.0,282,7.23,46,27,56,Wheat
30.0,70.8,420,7.11,73,39,36,Maize
27.6,84.7,637,6.34,102,32,51,Rice
24.7,45.4,331,6.87,49,38,52,Groundnut
29.3,56.2,405,6.26,58,35,27,Chickpea
26.2,84.8,576,7.19,96,36,114,Sugarcane
31.8,85.9,534,7.33,123,62,68,Sugarcane
24.1,60.7,305,6.97,56,56,66,Groundnut
18.4,36.8,217,6.57,37,42,33,Chickpea
23.8,67.5,739,6.01,146,39,67,Sugarcane
27.9,46.2,480,6.98,48,52,65,Groundnut
29.2,67.6,322,5.99,109,35,47,Maize
23.5,35.4,267,6.62,62,22,59,Barley
23.7,72.4,308,6.48,62,31,70,Soybean
25.8,74.1,669,6.71,70,53,27,Rice
27.6,78.4,324,6.21,93,70,34,Maize
20.6,73.4,437,5.42,89,68,119,Potato
30.8,74.5,271,6.02,83,48,54,Cotton
20.4,78.7,423,6.72,70,54,62,Soybean
27.6,58.6,429,6.38,38,26,29,Millet
27.7,76.8,415,5.83,96,66,60,Maize
24.3,65.9,523,7.32,104,37,59,Sugarcane
26.9,52.2,391,6.34,52,49,50,Wheat
22.5,46.7,444,6.25,63,34,65,Maize
19.0,78.6,533,6.9,96,31,77,Tomato
26.9,61.6,455,6.52,46,46,66,Groundnut
24.5,62.7,385,7.14,41,36,46,Soybean
28.2,51.9,394,6.79,83,57,89,Cotton
16.9,61.6,402,6.09,106,71,50,Potato
20.8,55.5,535,6.25,70,40,50,Tomato
26.5,78.3,392,6.94,28,69,49,Soybean
24.4,45.4,551,6.74,85,58,63,Maize
22.8,47.0,393,6.19,81,24,58,Barley
23.9,62.2,606,6.36,131,49,76,Sugarcane
22.7,51.5,284,6.42,50,38,61,Groundnut
21.6,48.5,211,7.5,59,39,52,Chickpea
23.9,88.7,498,6.82,60,44,61,Rice
22.4,82.1,412,5.29,75,48,81,Potato
24.5,74.2,695,6.32,102,54,120,Sugarcane
23.0,48.0,433,6.32,54,29,36,Groundnut
28.4,75.8,511,6.47,56,60,54,Soybean
19.0,63.7,600,6.43,69,62,84,Potato
30.3,52.5,368,6.64,73,67,52,Maize
26.6,55.2,519,6.06,64,60,73,Maize
28.1,74.3,460,6.88,126,58,73,Sugarcane
23.6,79.5,544,5.36,78,78,83,Potato
21.6,69.8,345,6.6,51,39,84,Tomato
17.4,67.6,477,7.49,80,24,53,Barley
26.0,51.4,451,6.4,76,48,65,Cotton
24.7,62.6,543,6.42,41,39,36,Soybean
24.0,63.9,421,5.71,53,52,42,Groundnut
31.2,66.6,345,6.91,31,37,30,Groundnut
24.6,43.5,382,5.63,52,33,51,Millet
18.9,77.1,337,5.58,97,43,62,Potato
20.9,64.0,488,6.71,100,34,34,Wheat
24.6,43.4,238,6.48,51,41,47,Millet
29.6,74.2,590,6.54,51,41,71,Soybean
24.9,60.2,495,7.32,59,30,55,Cotton
26.0,67.8,342,6.11,21,41,54,Groundnut
24.1,47.2,450,6.54,58,42,52,Cotton
28.0,85.2,363,6.77,102,44,38,Rice
25.5,73.9,450,5.7,75,58,44,Tomato
23.7,57.3,408,5.69,44,51,55,Groundnut
26.7,58.6,414,6.83,27,60,57,Chickpea
24.5,66.1,397,6.06,20,48,44,Groundnut
25.9,55.1,522,5.85,55,69,42,Tomato
31.5,86.7,353,6.12,113,39,29,Rice
22.8,70.3,480,6.93,135,35,107,Sugarcane
26.8,64.3,323,6.52,92,57,56,Maize
19.6,36.2,264,6.32,87,41,57,Barley
22.1,68.3,447,6.38,51,32,47,Tomato
26.6,43.2,443,6.95,24,30,54,Chickpea
22.7,60.4,312,5.95,99,66,92,Tomato
29.6,84.8,693,6.51,102,48,88,Sugarcane
25.7,46.9,472,7.93,52,52,66,Cotton
20.7,65.7,365,6.97,82,67,31,Maize
25.5,75.6,734,7.33,147,67,92,Sugarcane
28.0,82.2,407,6.89,116,44,40,Rice
26.5,83.6,685,6.86,146,32,101,Sugarcane
37.9,52.5,257,6.11,97,52,58,Cotton
25.3,71.6,391,5.85,40,56,46,Groundnut
22.0,71.5,448,6.46,62,37,51,Soybean
18.6,78.9,383,6.8,105,43,102,Potato
29.7,60.4,315,6.76,47,26,32,Millet
21.7,67.1,303,7.3,59,53,52,Barley
28.8,62.8,583,6.5,97,41,55,Sugarcane
28.1,72.7,535,6.35,105,68,59,Sugarcane
27.2,90.6,482,5.75,68,42,32,Rice
30.6,67.0,564,7.01,96,61,43,Maize
26.5,78.4,544,5.92,120,51,41,Rice
29.3,68.7,514,6.79,71,58,52,Maize
27.0,53.8,287,6.83,43,46,66,Groundnut
26.2,94.1,431,6.72,119,45,37,Rice
30.1,61.6,556,6.36,138,69,95,Sugarcane
31.8,85.7,604,6.18,83,28,56,Rice
27.1,77.8,581,5.56,83,43,29,Rice
20.1,84.1,318,6.25,78,35,95,Potato
27.7,70.8,550,6.83,45,51,74,Soybean
20.5,78.3,460,6.02,79,74,110,Potato
20.7,78.3,567,6.17,109,41,59,Potato
29.7,45.1,505,6.82,116,38,31,Maize
22.5,82.6,470,6.08,65,48,39,Rice
24.8,59.4,352,6.42,30,50,48,Groundnut
17.9,62.5,456,7.23,45,49,53,Wheat
29.6,39.9,389,5.73,65,47,40,Millet
29.8,76.2,531,7.28,97,43,100,Sugarcane
27.8,54.2,417,7.66,44,53,52,Chickpea
33.2,62.0,712,7.48,89,66,71,Sugarcane
27.2,41.4,499,6.35,56,43,39,Wheat
22.2,59.4,201,6.84,29,36,37,Chickpea
31.8,61.3,614,7.17,83,42,97,Sugarcane
18.4,67.5,353,5.78,79,41,56,Tomato
28.8,62.1,235,7.51,34,35,55,Chickpea
26.6,55.2,393,6.39,51,52,54,Soybean
27.1,57.8,357,5.71,56,25,57,Groundnut
26.4,48.0,292,6.89,45,48,56,Millet
27.3,53.0,463,5.66,65,33,73,Tomato
31.7,47.6,447,5.86,40,44,70,Groundnut
23.6,66.1,358,5.96,67,55,112,Potato
27.4,59.7,265,6.43,55,26,30,Millet
15.3,68.8,391,7.38,72,55,61,Wheat
18.4,75.8,410,5.03,80,57,62,Potato
29.6,63.7,433,7.24,35,38,59,Chickpea
23.4,58.4,329,6.47,37,52,48,Barley
21.6,36.4,343,7.95,34,40,31,Chickpea
25.3,44.5,316,6.95,24,35,42,Chickpea
25.6,55.6,373,6.13,20,60,36,Chickpea
21.2,37.3,259,6.28,42,36,70,Chickpea
23.5,48.9,524,6.64,63,37,68,Wheat
23.7,67.2,274,5.93,29,26,55,Groundnut
19.2,39.8,370,6.38,78,24,52,Barley
21.8,56.3,305,6.36,86,32,66,Tomato
30.9,48.0,294,5.87,89,28,49,Cotton
21.1,71.4,324,6.92,51,53,74,Soybean
24.9,44.7,256,6.26,40,37,43,Barley
15.5,77.7,435,6.3,73,47,66,Potato
28.3,58.1,363,5.74,50,66,68,Tomato
32.5,87.4,710,7.34,82,38,63,Sugarcane
29.5,73.1,500,6.47,40,28,42,Groundnut
35.7,64.9,465,6.59,78,56,79,Cotton
23.2,93.6,375,5.75,96,52,50,Rice
32.1,41.2,416,7.73,89,53,37,Cotton
22.3,60.4,542,7.29,106,61,99,Sugarcane
24.5,64.8,410,6.24,74,66,52,Tomato
24.2,73.4,598,7.35,55,31,58,Soybean
29.8,84.3,468,7.47,126,33,79,Sugarcane
20.2,72.1,289,7.09,90,50,36,Wheat
21.4,63.1,296,6.96,64,31,48,Wheat
26.5,52.9,478,6.07,68,49,41,Wheat
29.4,51.8,526,7.36,34,34,38,Soybean
17.6,65.0,473,6.45,106,38,86,Potato
21.9,43.7,485,7.12,62,54,52,Barley
22.4,48.8,396,7.16,78,48,49,Barley
24.3,84.2,729,7.42,82,69,61,Sugarcane
32.4,68.5,642,6.63,81,49,83,Sugarcane
18.2,46.8,353,7.13,89,39,39,Barley
27.0,45.4,269,6.69,49,28,41,Wheat
17.1,35.8,287,6.29,67,39,29,Barley
31.2,60.5,331,6.07,48,32,61,Groundnut
25.2,52.7,302,7.98,51,48,70,Cotton
36.8,50.7,369,6.87,98,26,63,Cotton
18.7,42.4,349,6.48,68,41,64,Wheat
24.0,63.4,483,5.66,25,53,61,Groundnut
33.2,52.2,351,7.26,99,55,88,Cotton
26.8,85.9,437,5.62,114,52,66,Rice
31.1,55.1,233,6.01,69,31,35,Millet
27.1,57.8,318,6.99,53,35,42,Groundnut
29.1,87.6,582,5.61,74,41,65,Rice
22.3,76.8,580,6.24,82,60,49,Rice
22.8,86.2,370,5.87,88,53,58,Rice
23.2,70.8,632,6.51,132,51,58,Sugarcane
24.5,57.1,283,7.47,61,35,26,Barley
29.4,60.2,322,5.54,100,25,64,Cotton
16.5,69.0,336,5.06,76,61,51,Potato
22.6,66.0,592,6.14,70,32,38,Soybean
27.0,39.9,349,6.9,25,47,46,Millet
26.5,61.1,337,6.87,75,34,30,Wheat
24.3,54.6,214,6.87,66,31,57,Millet
18.9,75.2,477,5.24,53,34,89,Potato
18.2,53.2,320,6.3,21,60,66,Chickpea
19.7,51.1,269,6.46,78,33,52,Barley
30.4,58.5,317,5.55,58,27,39,Groundnut
23.7,89.9,436,5.71,94,56,36,Rice
20.8,68.7,586,5.87,114,54,55,Maize
25.8,61.3,352,5.72,54,43,100,Tomato
31.5,43.6,410,5.97,48,22,20,Millet
30.6,63.0,656,7.13,85,49,103,Sugarcane
25.8,47.7,437,6.88,35,48,37,Chickpea
30.2,56.8,223,6.75,57,34,57,Millet
29.4,81.8,613,6.68,141,53,113,Sugarcane
26.6,55.6,262,5.8,59,25,36,Groundnut
23.6,67.4,322,6.75,56,57,85,Potato
19.3,54.9,499,5.94,89,64,63,Tomato
32.3,89.4,457,6.21,84,45,70,Sugarcane
28.2,62.0,406,5.68,38,39,56,Millet
24.7,54.5,304,7.15,76,42,68,Wheat
29.9,72.4,506,7.12,112,67,78,Maize
18.8,43.8,348,6.83,42,32,70,Chickpea
22.8,45.3,441,5.94,29,44,40,Groundnut
25.8,46.4,201,6.59,46,60,62,Chickpea
20.5,61.7,343,5.51,78,70,119,Potato
30.3,64.9,447,6.13,70,24,27,Millet
21.7,62.2,460,6.53,82,68,64,Maize
30.6,70.5,440,6.07,103,31,74,Maize
25.0,54.1,386,6.18,42,49,43,Millet
23.0,89.6,585,5.52,119,35,53,Rice
34.6,53.7,353,7.18,79,58,64,Cotton
24.9,65.8,381,5.91,61,39,85,Tomato
23.1,72.4,426,5.86,99,58,41,Rice
19.6,52.7,401,7.36,56,54,65,Barley
28.4,91.9,633,6.9,105,58,32,Rice
34.0,63.4,416,7.37,43,20,51,Millet
28.9,92.6,373,5.99,63,43,47,Rice
34.7,58.2,258,6.01,69,31,49,Millet
24.1,60.5,456,6.65,70,42,90,Tomato
31.8,61.6,445,7.02,40,39,36,Soybean
28.5,68.1,463,5.95,53,45,31,Groundnut
27.9,79.7,459,5.81,108,29,61,Rice
24.7,56.5,431,7.7,49,56,52,Chickpea
25.2,59.4,523,6.42,89,38,100,Tomato
29.4,88.4,464,7.07,142,57,67,Sugarcane
26.3,91.7,443,5.58,84,45,38,Rice
22.7,58.6,488,6.35,46,36,42,Groundnut
18.1,63.9,454,5.97,53,36,71,Tomato
15.8,60.0,520,7.48,70,38,52,Wheat
31.0,74.8,543,6.31,97,41,58,Maize
22.3,63.3,473,5.92,24,38,47,Groundnut
29.0,68.5,409,6.76,38,51,42,Soybean
23.4,72.9,470,6.71,60,44,30,Groundnut
18.5,84.8,589,5.28,102,72,73,Potato
25.1,78.1,304,7.37,28,66,48,Soybean
15.3,65.1,517,6.0,61,73,62,Potato
30.5,67.1,390,6.82,54,31,39,Groundnut
33.6,61.2,353,7.47,55,46,39,Millet
23.9,68.0,431,6.1,49,37,26,Wheat
24.4,69.4,403,5.55,83,60,53,Tomato
29.1,75.9,521,5.98,94,30,33,Rice
22.7,76.3,465,5.27,106,72,59,Potato
32.6,82.5,703,7.01,132,53,105,Sugarcane
25.7,62.2,482,6.97,31,55,66,Soybean
24.1,34.2,241,7.14,21,23,48,Millet
26.8,35.3,418,6.67,21,41,29,Chickpea
21.3,55.3,400,6.81,71,32,61,Wheat
21.7,52.8,287,6.87,45,36,65,Barley
28.4,50.5,516,5.65,56,32,51,Tomato
24.8,60.1,296,6.33,58,45,34,Wheat
22.8,83.6,507,6.79,114,67,117,Sugarcane
25.3,54.6,271,5.99,37,46,38,Groundnut
23.9,60.5,309,7.08,30,31,40,Soybean
16.3,58.1,335,7.31,42,39,36,Barley
21.6,38.6,289,6.25,44,54,40,Barley
30.8,52.8,466,6.84,51,43,72,Soybean
21.7,44.4,454,6.12,63,31,59,Barley
32.3,67.0,475,7.08,129,50,117,Sugarcane
28.1,80.7,665,5.71,73,38,28,Rice
28.8,83.8,586,6.91,73,53,43,Rice
28.2,60.6,350,7.5,31,42,61,Chickpea
27.6,47.8,206,7.0,44,31,42,Chickpea
22.8,80.8,560,6.1,128,31,54,Sugarcane
24.4,86.6,538,6.21,93,47,52,Rice
21.6,71.4,454,6.4,56,39,86,Potato
25.6,55.4,388,7.34,45,25,45,Millet
30.7,55.1,208,7.5,49,44,36,Millet
22.3,88.4,500,6.44,132,31,108,Sugarcane
31.1,74.2,435,6.35,28,48,37,Groundnut
29.6,78.0,336,6.19,92,32,60,Tomato
24.5,63.7,471,6.8,80,49,39,Cotton
25.1,66.6,346,7.01,84,56,63,Maize
30.9,70.9,300,7.75,106,54,35,Cotton
23.2,63.5,543,5.56,60,37,54,Tomato
30.2,30.9,224,5.7,23,36,40,Millet
23.7,46.6,457,6.38,42,40,57,Groundnut
28.6,43.5,294,7.1,27,55,35,Chickpea
33.1,47.8,299,6.84,65,49,84,Cotton
15.8,68.1,457,6.54,89,47,53,Barley
37.7,48.1,439,6.88,57,48,81,Cotton
22.2,50.7,273,6.38,28,49,33,Chickpea
14.0,49.5,445,6.17,75,47,63,Barley
25.3,94.9,621,5.94,92,52,31,Rice
30.1,72.6,453,6.8,62,60,77,Cotton
32.4,67.7,525,6.83,108,45,109,Sugarcane
27.1,61.3,378,8.0,88,51,36,Cotton
16.5,42.4,362,7.02,54,40,51,Wheat
22.0,65.8,505,7.1,134,46,84,Sugarcane
33.7,56.8,289,6.69,36,43,41,Millet
27.3,89.8,378,6.65,120,39,61,Rice
13.8,38.1,309,6.0,78,55,57,Barley
29.4,70.1,356,5.87,90,48,49,Rice
22.7,62.5,442,6.04,44,46,52,Groundnut
27.5,49.5,437,7.26,20,29,48,Millet
28.6,86.0,655,6.96,63,46,40,Rice
34.3,60.5,644,7.21,131,36,95,Sugarcane
26.9,39.6,345,7.69,37,58,41,Chickpea
25.0,41.4,406,6.37,39,40,29,Millet
21.6,74.0,308,6.5,68,30,94,Potato
23.8,57.6,329,7.25,46,37,30,Chickpea
27.2,68.8,649,6.03,108,50,104,Sugarcane
26.9,69.1,694,6.95,85,61,54,Sugarcane
29.5,77.3,489,6.6,94,64,92,Tomato
34.3,72.8,672,6.57,142,31,112,Sugarcane
15.7,52.0,255,6.7,72,50,61,Wheat
20.1,71.9,428,6.12,85,53,49,Maize
30.0,63.6,446,7.55,84,42,46,Cotton
28.0,45.6,322,6.04,56,51,58,Groundnut
24.7,83.8,551,5.54,101,55,72,Potato
23.0,36.1,260,6.42,40,58,54,Chickpea
28.3,61.8,351,6.32,20,48,59,Groundnut
18.1,66.8,389,6.43,87,54,42,Wheat
34.0,69.7,572,6.85,124,49,74,Sugarcane
32.3,86.6,501,6.13,109,66,85,Sugarcane
22.6,71.4,356,5.63,45,33,30,Groundnut
19.1,43.7,358,6.82,38,40,60,Barley
21.1,79.3,577,6.04,69,41,46,Maize
23.7,65.5,421,6.67,56,33,40,Wheat
26.6,59.0,295,7.22,54,25,51,Millet
29.8,56.6,476,6.52,35,25,69,Groundnut
26.1,49.1,251,6.94,57,33,66,Groundnut
28.1,38.2,415,6.16,47,42,30,Millet
25.3,56.3,414,6.84,102,54,41,Cotton
24.3,70.3,468,6.55,60,39,54,Tomato
15.7,56.0,357,7.05,65,34,55,Barley
30.1,62.4,701,6.69,114,34,107,Sugarcane
18.1,74.8,386,6.56,70,33,68,Potato
31.6,64.0,498,6.9,21,49,41,Groundnut
29.2,88.2,708,6.27,145,42,68,Sugarcane
27.1,47.3,501,7.39,93,25,54,Wheat
28.9,44.8,220,7.59,25,28,30,Chickpea
27.3,61.4,373,5.59,54,43,34,Groundnut
33.7,54.5,453,7.09,58,40,59,Cotton
25.9,58.0,497,5.61,58,59,78,Tomato
26.0,40.9,355,7.6,39,49,43,Chickpea
27.5,94.7,402,6.6,101,40,44,Rice
29.3,85.1,363,5.64,103,26,68,Rice
31.2,40.7,337,5.97,44,39,57,Millet
29.3,58.6,495,5.87,32,27,69,Groundnut
30.0,77.2,428,6.29,69,59,56,Tomato
24.7,74.6,354,6.1,99,48,64,Wheat
27.6,60.6,305,5.97,65,37,61,Maize
27.7,64.7,523,6.93,74,46,37,Maize
33.8,88.7,661,6.08,107,51,120,Sugarcane
29.8,51.6,267,6.95,28,36,55,Millet
28.9,67.8,368,6.53,102,50,35,Cotton
30.1,63.8,415,6.12,57,39,42,Cotton
36.0,66.2,250,6.59,81,60,74,Cotton
29.9,68.8,317,6.03,58,31,81,Tomato
25.7,61.3,450,6.86,45,31,27,Chickpea
30.2,40.9,334,6.39,25,29,36,Millet
22.1,76.5,611,6.62,95,39,53,Rice
27.7,76.3,383,6.95,57,32,50,Tomato
25.6,60.1,607,6.65,129,58,77,Sugarcane
27.4,42.4,305,7.03,78,44,45,Wheat
26.5,69.7,487,6.56,35,49,58,Groundnut
29.0,64.0,423,6.13,26,31,66,Chickpea
22.9,72.1,516,7.18,67,33,53,Maize
23.0,65.2,382,5.82,109,35,71,Maize
22.8,55.1,334,5.58,58,52,41,Groundnut
28.2,40.6,440,6.17,40,29,46,Millet
27.7,83.1,707,7.15,104,43,90,Sugarcane
27.4,40.8,463,7.45,74,28,55,Wheat
25.9,85.9,682,6.52,64,44,69,Rice
23.2,65.4,502,6.02,74,57,53,Maize
31.2,53.8,346,6.13,67,50,51,Maize
24.3,56.8,435,5.65,101,50,88,Cotton
29.0,39.9,441,7.24,28,33,33,Millet
17.8,54.0,423,7.2,79,23,35,Wheat
23.9,81.7,513,7.3,121,56,98,Sugarcane
15.1,65.2,282,7.13,77,22,69,Wheat
34.3,60.6,516,7.4,113,40,87,Sugarcane
16.6,75.2,307,5.95,84,57,116,Potato
35.6,66.4,278,7.3,73,51,77,Cotton
31.7,68.1,447,6.71,49,30,59,Groundnut
31.4,72.5,303,6.05,52,43,39,Groundnut
26.8,53.7,530,6.14,79,53,99,Tomato
27.9,54.2,446,5.53,37,36,66,Groundnut
23.8,53.0,405,6.68,44,54,44,Barley
24.9,76.0,333,5.36,87,58,65,Potato
23.0,54.7,374,6.31,105,53,49,Maize
24.9,63.6,329,7.34,44,34,43,Soybean
25.7,44.4,441,7.71,53,43,29,Chickpea
24.1,78.1,449,6.98,28,39,58,Soybean
35.7,48.8,345,7.0,80,50,54,Cotton
20.4,37.9,403,6.25,36,49,46,Barley
28.0,87.4,595,5.97,85,45,43,Rice
34.5,87.3,461,7.0,140,54,89,Sugarcane
35.0,64.0,392,7.75,91,47,46,Cotton
20.9,51.3,371,6.35,69,54,99,Tomato
22.6,55.4,206,6.75,58,38,36,Chickpea
28.1,68.4,376,6.15,48,59,56,Groundnut
22.9,51.1,519,6.86,79,42,33,Wheat
18.2,56.0,434,7.06,57,43,54,Wheat
25.2,64.2,494,5.83,36,26,51,Groundnut
31.5,81.6,481,6.65,70,32,35,Rice
29.0,46.0,351,6.1,39,55,31,Groundnut
23.2,45.2,338,7.82,38,33,27,Chickpea
27.9,72.7,251,6.69,47,43,37,Groundnut
30.8,49.9,415,6.25,105,59,50,Cotton
23.9,57.8,493,6.79,92,68,80,Tomato
23.9,64.4,475,5.73,23,42,50,Groundnut
21.2,59.5,502,6.41,92,70,72,Tomato
13.7,58.0,375,6.25,84,49,29,Barley
28.1,60.5,475,7.43,41,70,62,Soybean
18.2,68.1,289,6.69,77,50,63,Barley
20.8,70.0,465,5.73,62,59,50,Potato
29.0,57.6,326,6.85,59,31,96,Tomato
23.0,67.1,393,6.68,95,58,82,Potato
22.2,75.4,512,6.68,40,58,51,Soybean
32.3,68.8,394,6.7,71,28,42,Cotton
30.6,49.2,530,6.24,84,58,59,Maize
20.4,82.7,593,5.6,103,69,89,Potato
32.5,70.1,315,7.09,51,38,72,Cotton
20.8,64.1,593,6.12,90,56,98,Potato
30.4,74.2,342,7.38,62,61,76,Soybean
16.5,55.0,499,6.55,56,40,40,Barley
24.1,63.6,375,6.41,25,28,30,Groundnut
22.1,72.0,481,5.82,69,60,63,Rice
25.2,58.1,486,7.31,26,64,73,Soybean
20.5,46.7,314,6.78,90,40,39,Barley
21.8,49.5,453,6.98,93,57,48,Maize
21.1,84.3,445,5.12,84,49,62,Potato
27.8,65.5,336,7.09,52,44,63,Cotton
13.4,46.7,477,6.25,63,50,50,Barley
28.7,86.8,649,6.07,100,48,31,Rice
14.4,41.4,329,7.37,51,51,46,Barley
23.2,60.8,414,6.23,57,54,37,Chickpea
28.8,63.4,336,6.63,37,29,30,Chickpea
23.4,65.7,564,6.59,28,49,41,Soybean
23.0,55.1,326,6.34,50,33,65,Soybean
30.0,52.2,499,6.99,28,56,76,Soybean
27.1,73.0,452,6.69,75,56,26,Rice
33.8,73.4,559,6.28,139,44,108,Sugarcane
27.0,65.7,490,5.53,104,26,83,Cotton
22.9,53.4,426,5.67,60,65,91,Tomato
20.6,63.9,300,7.72,28,55,49,Chickpea
19.2,62.2,479,6.75,80,55,61,Potato
22.9,58.6,557,7.07,33,67,57,Soybean
16.1,62.8,523,5.38,73,51,120,Potato
26.4,52.4,407,7.43,58,64,58,Soybean
30.5,37.3,245,6.47,47,44,34,Millet
27.1,54.1,562,6.8,102,38,39,Maize
31.8,86.9,554,6.95,81,52,31,Rice
30.1,59.6,321,5.97,42,39,45,Groundnut
34.7,32.1,304,6.83,46,43,21,Millet
24.0,67.7,493,7.04,53,29,65,Wheat
26.3,73.9,538,5.84,59,52,46,Tomato
22.7,61.1,544,6.73,84,54,88,Tomato
24.6,39.3,284,6.16,44,41,40,Millet
22.7,39.1,279,6.23,84,30,64,Barley
21.3,62.1,317,6.54,29,47,49,Chickpea
24.1,33.0,237,7.34,57,28,36,Millet
26.5,68.8,439,5.98,98,57,45,Tomato
27.2,64.6,320,6.27,33,55,49,Groundnut
28.7,71.0,499,5.98,66,31,38,Maize
26.4,58.2,298,6.65,86,35,55,Wheat
20.4,70.5,463,5.85,55,41,74,Potato
27.9,85.5,564,6.49,96,58,45,Rice
24.7,50.7,419,6.56,77,38,54,Wheat
17.2,44.9,261,7.01,63,36,41,Barley
27.1,31.1,431,6.58,70,35,52,Millet
24.8,92.1,367,6.42,99,40,66,Rice
22.2,91.8,372,6.45,83,41,26,Rice
22.7,66.2,475,6.68,73,68,54,Tomato
23.6,65.2,403,6.18,110,60,35,Maize
24.2,48.8,340,6.63,33,32,44,Groundnut
26.0,35.9,419,7.81,60,38,60,Chickpea
23.7,74.0,636,6.14,89,39,50,Rice
22.6,55.7,563,6.96,62,59,69,Maize
29.0,75.4,663,5.93,118,56,37,Rice
26.6,62.6,279,6.5,26,39,69,Groundnut
30.2,72.9,375,5.68,29,51,50,Groundnut
31.7,60.8,341,5.73,61,39,26,Millet
36.7,52.4,285,6.67,96,54,52,Cotton
26.9,55.2,498,5.98,77,60,48,Tomato
24.8,55.3,322,5.61,72,40,53,Cotton
31.5,54.6,405,6.14,105,67,58,Maize
27.5,40.1,379,6.02,71,51,59,Wheat
24.6,61.3,426,6.76,61,25,54,Cotton
32.0,81.9,638,6.36,144,63,72,Sugarcane
26.3,51.0,519,6.0,51,56,55,Tomato
22.8,51.1,428,7.29,85,39,36,Barley
24.0,85.7,749,7.01,121,64,108,Sugarcane
27.3,51.8,321,5.53,28,52,55,Groundnut
24.3,75.4,378,5.71,78,39,61,Rice
26.4,63.4,598,7.16,50,33,65,Soybean
35.1,60.6,292,7.49,96,56,62,Cotton
24.1,81.1,476,6.78,67,46,82,Potato
34.4,30.2,323,6.46,67,43,43,Millet
21.1,48.8,310,7.35,57,46,37,Chickpea
26.5,81.6,411,5.64,111,44,70,Rice
27.8,63.8,390,5.57,47,25,40,Groundnut
25.8,61.0,213,7.33,21,37,30,Chickpea
18.1,69.2,539,5.61,59,42,59,Potato
27.8,43.2,346,7.94,58,38,60,Cotton
22.4,66.6,404,6.34,22,35,32,Groundnut
22.6,54.0,509,7.17,55,32,74,Soybean
26.5,43.7,298,7.27,69,50,59,Millet
23.1,49.5,333,6.84,37,34,52,Chickpea
21.1,40.8,275,7.21,32,43,31,Chickpea
22.6,63.2,272,6.38,43,38,37,Wheat
27.4,71.8,422,6.96,58,41,85,Cotton
25.4,32.9,268,6.2,61,44,38,Millet
28.8,77.7,490,5.83,95,46,90,Tomato
22.0,80.9,632,7.13,101,31,62,Sugarcane
22.8,50.5,372,6.88,26,37,41,Soybean
20.7,57.2,477,6.77,74,34,25,Barley
13.5,66.0,342,6.61,86,45,33,Barley
30.6,58.3,301,6.09,27,28,64,Groundnut
19.2,47.3,408,6.54,21,42,27,Chickpea
26.9,70.2,632,6.12,61,58,42,Rice
23.4,49.4,560,7.16,116,61,43,Maize
30.3,72.8,699,7.2,147,33,115,Sugarcane
33.0,56.1,223,6.4,54,31,44,Millet
26.2,73.7,510,7.14,40,63,76,Soybean
22.3,35.1,345,7.12,24,60,54,Chickpea
13.3,43.1,446,6.13,37,45,39,Barley
26.1,80.4,621,5.7,75,41,38,Rice
21.4,74.6,496,5.69,92,69,71,Tomato
19.7,51.9,281,6.94,40,39,69,Chickpea
27.4,74.5,444,5.87,54,34,41,Groundnut
19.7,43.1,277,7.86,32,30,26,Chickpea
20.4,62.0,305,5.37,107,40,63,Potato
20.9,68.2,513,6.56,66,47,77,Tomato
24.9,64.6,587,6.76,30,66,48,Soybean
30.4,41.2,247,5.94,62,23,55,Millet
24.4,56.7,439,6.0,111,44,47,Maize
26.2,44.9,525,6.29,86,24,29,Wheat
20.1,70.4,475,6.72,87,54,94,Tomato
19.9,42.2,409,6.86,41,41,68,Chickpea
32.4,77.0,641,7.29,102,42,113,Sugarcane
26.9,73.1,447,6.38,86,38,26,Wheat
19.0,57.3,291,6.43,64,42,51,Barley
24.4,83.7,638,6.51,103,48,74,Sugarcane
15.8,77.2,555,5.17,57,39,100,Potato
28.6,77.0,356,6.79,34,45,58,Soybean
24.7,37.5,386,7.27,44,40,57,Chickpea
20.9,55.7,539,7.37,44,40,66,Soybean
23.6,37.3,402,6.43,54,30,59,Chickpea
24.7,78.0,638,7.26,94,68,102,Sugarcane
28.6,65.3,337,6.82,53,28,36,Groundnut
14.0,45.8,489,6.34,36,51,42,Barley
23.1,80.1,346,5.17,88,59,117,Potato
29.2,49.0,264,6.9,58,54,49,Groundnut
20.2,64.3,366,6.26,107,53,77,Maize
22.6,45.7,431,6.37,41,52,36,Groundnut
31.3,50.2,588,7.39,33,30,75,Soybean
25.6,63.0,246,6.4,57,41,30,Millet
30.6,94.8,506,6.35,63,31,38,Rice
34.7,65.0,365,6.06,51,50,84,Cotton
28.8,56.8,343,6.08,90,66,58,Maize
32.5,83.3,656,6.32,104,69,111,Sugarcane
27.8,54.3,466,6.73,28,44,59,Groundnut
25.9,64.3,589,6.74,98,66,41,Maize
23.4,64.1,407,6.57,86,35,52,Potato
15.0,78.3,308,5.82,98,55,73,Potato
21.0,48.9,336,7.85,40,49,27,Chickpea
28.0,40.4,218,6.88,29,34,31,Millet
23.5,51.7,476,6.41,92,44,67,Maize
24.9,61.7,454,6.18,60,33,65,Groundnut
19.6,40.2,300,7.07,67,40,43,Barley
31.8,62.9,310,5.99,57,21,31,Millet
24.0,93.0,529,5.96,110,39,39,Rice
26.8,47.4,379,6.17,37,46,45,Chickpea
25.9,57.2,314,6.72,41,35,50,Groundnut
25.7,56.3,320,6.91,61,44,87,Tomato
25.0,62.6,331,6.31,65,49,28,Millet
25.0,38.8,375,7.49,44,42,47,Chickpea
29.4,55.5,307,6.01,61,52,69,Cotton
31.7,58.1,275,7.36,42,46,29,Millet
22.7,71.7,567,6.11,73,79,74,Potato
26.4,69.3,669,6.92,96,63,86,Sugarcane
23.3,83.5,537,6.3,118,42,35,Rice
22.3,73.9,351,6.17,40,52,71,Soybean
30.7,83.8,708,6.97,117,46,70,Sugarcane
23.3,84.5,462,5.24,81,64,94,Potato
25.5,72.7,391,6.32,38,36,72,Soybean
31.5,55.5,232,6.16,45,33,47,Millet
28.7,57.2,517,6.81,31,32,39,Soybean
22.7,67.2,433,5.4,62,49,65,Potato
18.3,50.1,235,6.5,39,40,55,Chickpea
25.9,69.3,432,6.23,46,27,30,Wheat
25.9,50.6,359,6.49,95,67,66,Tomato
25.1,47.4,319,7.4,52,58,59,Chickpea
22.4,55.7,594,5.92,70,45,63,Maize
18.1,42.8,435,7.07,36,54,39,Barley
32.0,79.6,539,6.04,88,37,60,Maize
26.5,45.0,357,6.57,24,44,33,Chickpea
29.0,82.4,474,5.72,104,25,31,Rice
31.0,41.6,352,7.77,93,43,52,Cotton
31.4,62.0,301,6.21,32,57,71,Soybean
29.0,59.2,455,6.18,60,41,73,Soybean
25.1,59.6,269,7.79,91,55,73,Cotton
20.9,64.5,501,6.28,41,29,28,Wheat
28.8,54.5,306,6.1,57,55,75,Soybean
26.8,77.0,402,6.06,84,48,65,Maize
16.2,69.6,353,5.23,61,32,65,Potato
25.7,71.1,586,6.32,120,37,68,Maize
26.7,68.5,365,6.38,37,65,64,Soybean
22.9,80.8,413,6.56,62,64,63,Potato
31.4,58.3,504,6.16,75,55,35,Maize
20.3,60.1,312,6.63,100,51,46,Maize
24.4,73.4,372,6.47,59,51,51,Soybean
28.7,42.3,419,5.59,34,26,45,Millet
21.0,37.1,376,6.16,78,40,58,Barley
24.9,61.4,228,6.86,37,47,68,Chickpea
27.3,66.4,320,6.3,79,45,40,Tomato
17.5,51.1,511,7.42,98,43,50,Wheat
25.8,79.8,542,6.59,53,53,53,Soybean
23.3,64.9,262,6.06,28,26,36,Groundnut
22.5,57.8,539,7.36,63,59,70,Soybean
19.1,63.2,444,5.96,110,36,93,Potato
30.0,64.6,224,5.86,36,40,36,Millet
35.7,67.8,356,7.18,50,51,37,Cotton
29.6,60.7,257,5.69,54,26,34,Groundnut
24.3,61.9,362,6.5,50,43,64,Groundnut
30.2,73.0,479,6.95,44,36,46,Groundnut
24.6,44.3,318,7.31,35,43,42,Chickpea
28.5,59.8,354,7.68,67,38,83,Cotton
26.4,64.3,389,6.16,89,49,59,Maize
24.4,48.1,360,6.68,22,30,69,Chickpea
29.7,43.0,305,5.53,59,50,59,Millet
16.1,65.5,304,6.93,42,46,26,Barley
22.8,84.8,615,6.52,60,25,69,Rice
23.0,64.6,428,6.6,22,40,51,Chickpea
28.6,60.2,532,6.96,91,37,44,Maize
15.2,64.1,541,5.73,95,35,108,Potato
22.8,66.1,347,6.85,30,34,75,Soybean
21.0,59.2,398,7.01,56,26,37,Wheat
30.3,70.7,424,5.61,91,28,82,Cotton
22.6,61.3,449,6.23,61,52,62,Tomato
29.8,64.2,595,6.59,44,37,62,Soybean
21.3,51.5,335,7.04,89,40,47,Barley
17.8,57.1,367,6.32,61,38,26,Barley
26.8,70.0,344,6.97,69,60,50,Soybean
23.8,74.4,459,6.01,70,74,87,Potato
28.0,50.4,499,5.57,37,52,34,Groundnut
31.5,44.4,335,7.07,60,49,41,Millet
22.8,69.2,468,6.87,83,42,29,Barley
28.0,68.8,254,6.17,62,48,40,Wheat
16.9,45.8,342,6.77,65,21,67,Wheat
27.8,68.7,313,6.44,81,67,42,Maize
27.6,75.6,553,6.32,50,49,68,Soybean
26.0,71.2,503,5.89,71,26,50,Rice
25.3,40.9,252,7.07,87,34,36,Cotton
28.4,75.7,311,7.31,52,67,38,Soybean
22.1,50.0,437,7.02,25,54,39,Chickpea
29.7,51.8,425,6.28,40,57,55,Soybean
28.5,53.6,324,6.05,60,33,72,Maize
25.0,68.8,514,6.21,50,65,100,Tomato
22.7,64.1,394,7.32,53,34,77,Soybean
18.8,35.1,429,6.18,35,52,50,Barley
22.2,56.1,313,7.0,61,20,49,Barley
23.4,37.9,361,6.68,35,28,48,Chickpea
23.5,68.5,322,5.78,99,32,81,Tomato
20.5,66.1,509,6.45,69,56,93,Tomato
26.5,72.9,540,6.55,75,60,71,Tomato
23.3,59.9,254,6.51,47,55,53,Groundnut
18.7,60.1,576,5.26,92,40,73,Potato
24.7,46.4,212,7.24,28,35,45,Millet
28.3,90.7,372,5.51,109,33,65,Rice
33.1,61.9,208,6.33,28,42,49,Millet
27.0,78.1,516,6.9,35,66,57,Soybean
20.4,57.4,371,6.56,93,39,38,Wheat
18.7,54.1,354,6.57,63,55,44,Tomato
29.9,67.6,431,6.76,75,55,45,Maize
24.4,67.5,403,6.38,94,23,50,Wheat
32.2,76.6,745,7.19,104,38,91,Sugarcane
22.2,67.3,511,5.27,50,38,96,Potato
27.0,54.3,244,7.8,44,43,36,Chickpea
31.8,45.7,374,6.22,101,43,35,Cotton
27.7,63.8,477,6.33,87,51,52,Cotton
27.3,65.7,579,7.04,103,67,65,Sugarcane
20.9,47.5,340,7.9,25,27,27,Chickpea
26.0,35.1,320,6.26,29,23,40,Millet
29.2,50.1,220,6.93,58,26,38,Chickpea
27.6,79.3,416,6.65,68,44,55,Soybean
27.9,71.7,470,6.65,61,32,67,Tomato
30.6,53.7,417,5.58,21,38,44,Groundnut
32.8,37.5,431,7.46,32,21,39,Millet
18.7,42.1,449,7.62,21,33,58,Chickpea
25.8,48.7,436,6.18,35,46,47,Chickpea
27.5,70.7,361,6.74,83,68,51,Tomato
22.5,64.6,477,6.81,24,31,51,Groundnut
18.9,70.8,360,5.16,59,46,77,Potato
22.0,59.2,362,7.46,36,32,61,Barley
25.0,54.1,425,7.41,53,64,55,Soybean
20.6,69.8,487,5.05,91,61,116,Potato
20.0,47.2,574,6.07,84,57,50,Maize
29.1,55.7,408,6.74,52,32,35,Chickpea
21.2,79.1,391,7.12,67,62,71,Maize
30.4,59.6,593,6.23,88,51,80,Maize
20.8,74.3,575,6.8,110,37,78,Maize
27.2,47.6,487,7.51,59,34,45,Cotton
27.2,50.2,374,6.73,90,50,73,Cotton
30.3,68.2,312,6.35,54,34,45,Groundnut
22.0,71.3,496,6.59,84,55,68,Maize
32.4,46.0,310,6.11,63,25,23,Millet
31.7,93.2,471,5.75,91,55,38,Rice
20.1,52.9,381,6.6,49,42,52,Barley
33.5,82.8,671,7.15,84,65,114,Sugarcane
27.3,70.2,682,5.75,82,38,65,Rice
30.3,48.5,371,7.39,21,45,41,Millet
23.3,77.9,433,6.82,70,35,82,Tomato
34.7,70.0,639,6.18,110,61,112,Sugarcane
26.3,78.9,436,6.43,91,64,66,Tomato
24.3,66.8,493,5.64,51,31,50,Groundnut
34.5,77.9,511,6.44,87,42,117,Sugarcane
21.5,77.8,311,7.33,31,42,70,Soybean
25.1,62.8,447,6.07,28,36,60,Millet
24.7,66.3,497,5.9,43,38,36,Groundnut
22.2,59.6,472,5.98,70,40,51,Tomato
23.6,61.1,527,6.24,88,37,71,Tomato
22.7,70.3,407,6.46,93,67,80,Maize
22.9,52.6,469,6.55,65,67,80,Soybean
22.5,79.4,659,6.4,115,29,37,Rice
29.4,73.3,380,5.79,91,50,66,Tomato
27.0,76.9,648,7.15,95,44,54,Sugarcane
22.7,79.9,563,5.22,63,31,102,Potato
17.4,66.6,381,5.37,85,59,94,Potato
23.8,70.8,546,6.98,49,42,35,Soybean
25.5,40.9,379,6.61,53,32,54,Cotton
24.6,50.9,270,7.05,51,28,50,Millet
33.2,59.7,367,7.29,100,33,52,Cotton
30.5,61.8,449,6.7,55,32,71,Soybean
22.5,46.9,335,6.08,61,33,46,Barley
27.2,46.5,487,6.72,45,40,32,Groundnut
31.3,92.5,638,6.49,71,45,26,Rice
22.4,49.6,333,6.21,60,40,60,Barley
25.2,81.8,545,6.08,102,34,56,Rice
22.3,58.7,410,6.59,28,47,36,Chickpea
22.1,48.3,491,7.44,61,43,36,Wheat
24.4,56.7,331,6.29,76,35,95,Tomato
29.4,37.4,427,6.25,61,35,21,Millet
30.2,80.0,411,6.91,34,39,55,Soybean
28.3,74.7,686,6.15,61,37,53,Rice
29.6,82.7,404,6.81,79,57,63,Rice
20.1,67.4,439,6.38,95,59,75,Maize
31.3,86.1,718,6.9,92,53,64,Sugarcane
21.7,77.1,374,6.38,101,63,90,Potato
28.9,76.6,509,7.28,129,65,92,Sugarcane
15.0,58.9,294,6.05,35,31,64,Barley
31.3,75.1,510,5.86,85,33,67,Rice
19.5,84.1,567,6.04,103,41,98,Potato
19.3,62.5,409,5.54,94,62,47,Tomato
21.6,79.6,518,5.97,68,63,79,Tomato
18.5,72.5,526,6.45,74,39,88,Tomato
28.8,91.1,378,5.84,62,45,50,Rice
31.9,54.9,347,6.52,79,63,51,Maize
36.9,45.6,368,7.31,54,25,82,Cotton
19.7,82.0,363,5.98,88,42,80,Potato
18.3,61.3,527,6.67,95,33,100,Potato
31.1,47.7,352,5.52,38,30,31,Groundnut
23.6,45.4,349,6.9,118,68,43,Maize
28.6,65.8,272,5.54,21,56,43,Groundnut
17.1,76.4,499,5.44,107,70,111,Potato
16.8,69.8,484,6.63,88,41,39,Wheat
18.3,65.4,478,6.49,54,61,77,Potato
21.7,78.2,407,6.72,74,52,67,Tomato
29.5,52.5,404,6.3,60,50,88,Tomato
23.3,66.5,533,6.32,42,48,74,Soybean
23.3,58.7,427,6.72,54,25,53,Wheat
31.6,56.8,427,6.96,114,37,48,Maize
15.3,67.1,552,5.18,78,75,74,Potato
30.5,64.2,314,6.41,38,52,68,Groundnut
15.2,43.4,303,7.03,62,34,43,Wheat
29.0,32.0,343,6.62,27,40,29,Millet
31.1,77.0,448,6.37,66,56,74,Soybean
29.7,41.7,316,7.29,30,27,42,Chickpea
12.7,67.3,397,6.15,44,21,42,Barley
16.5,64.5,531,5.77,106,60,110,Potato
30.3,44.3,385,6.1,80,56,52,Cotton
28.9,48.8,247,7.75,42,55,70,Chickpea
22.9,68.9,410,6.59,100,54,58,Wheat
29.8,77.9,504,6.33,63,52,51,Maize
30.6,52.8,447,6.27,59,55,48,Groundnut
24.2,50.1,336,6.25,30,46,38,Chickpea
21.6,51.3,253,6.17,61,41,50,Wheat
24.2,79.2,587,5.92,106,58,77,Maize
23.3,63.9,368,6.91,42,27,49,Barley
25.2,64.8,330,6.47,27,51,74,Soybean
28.1,54.1,402,6.19,88,56,68,Cotton
32.4,46.1,361,7.2,70,33,78,Cotton
25.2,59.8,324,6.77,64,64,54,Tomato
20.5,66.2,433,6.65,55,28,25,Barley
23.7,79.6,336,6.37,62,37,54,Maize
26.1,56.1,261,7.88,28,56,55,Chickpea
22.4,78.7,415,6.5,55,51,95,Tomato
27.4,67.3,352,6.46,47,42,74,Soybean
14.1,69.2,427,6.83,51,54,59,Barley
27.5,53.5,397,5.94,75,69,42,Tomato
25.0,67.4,343,6.91,77,43,54,Barley
27.4,58.1,254,7.05,56,35,43,Wheat
24.3,41.4,265,6.85,58,41,26,Barley
28.5,79.4,472,6.13,63,59,64,Tomato
28.6,63.1,384,5.72,58,25,60,Groundnut
33.2,61.6,603,7.0,97,46,98,Sugarcane
31.8,69.4,368,6.26,100,50,72,Maize
20.3,51.7,351,6.46,42,57,28,Chickpea
26.5,50.7,281,6.15,48,59,37,Chickpea
32.3,53.4,234,7.45,69,42,20,Millet
17.2,49.1,497,6.56,58,23,34,Wheat
26.3,38.7,436,6.89,24,42,41,Millet
25.7,40.9,449,6.32,49,36,59,Millet
25.3,41.5,350,5.94,21,49,30,Millet
22.9,62.5,387,6.8,66,31,67,Soybean
28.2,55.1,341,5.87,67,35,58,Tomato
32.2,82.5,463,7.08,125,50,98,Sugarcane
30.6,71.5,452,6.24,33,33,36,Groundnut
28.0,59.3,419,7.06,81,64,32,Maize
26.3,70.7,597,7.33,28,55,68,Soybean
34.7,56.4,285,7.37,94,44,65,Cotton
29.0,56.8,274,6.05,106,43,61,Cotton
26.2,71.8,393,6.87,98,40,64,Maize
22.9,76.3,409,6.96,85,57,25,Rice
20.7,71.3,303,6.73,110,32,36,Maize
24.9,53.4,433,6.8,42,54,49,Chickpea
25.9,45.4,314,6.2,44,21,34,Wheat
18.2,73.6,374,5.48,107,44,92,Potato
31.6,40.9,367,5.92,22,26,48,Millet
26.1,61.8,215,6.28,38,58,44,Chickpea
31.9,35.2,237,6.05,32,30,29,Millet
20.4,69.3,408,6.71,85,37,90,Tomato
22.2,70.0,452,6.35,80,39,56,Maize
32.0,67.4,268,6.81,58,27,45,Groundnut
24.1,64.3,538,6.23,45,68,66,Soybean
27.2,42.6,438,7.22,61,34,47,Millet
21.0,65.0,312,7.19,74,57,34,Maize
26.8,71.8,687,6.98,123,49,118,Sugarcane
24.9,69.9,377,6.78,98,63,106,Potato
22.4,91.6,391,5.57,101,41,66,Rice
25.9,58.5,533,6.64,79,58,44,Maize
21.1,66.5,455,6.93,74,44,61,Maize
25.7,67.9,447,6.38,91,45,31,Maize
29.3,52.6,463,6.79,38,46,38,Groundnut
15.9,73.1,374,5.96,73,67,99,Potato
20.2,61.4,311,7.18,84,66,54,Maize
19.6,61.0,324,7.69,49,27,70,Chickpea
24.7,76.2,399,5.58,120,49,64,Rice
29.2,48.8,428,6.49,74,70,38,Maize
20.4,68.6,410,6.42,63,70,63,Maize
19.7,48.4,296,6.02,82,39,35,Wheat
30.2,81.3,640,6.51,93,60,114,Sugarcane
14.0,67.2,450,6.97,44,27,25,Barley
32.1,54.6,357,6.53,90,26,74,Cotton
32.1,58.7,406,6.75,43,38,36,Millet
31.5,61.6,597,6.36,118,67,71,Maize
24.7,59.6,371,6.77,90,38,69,Wheat
29.3,68.0,545,6.57,60,33,71,Soybean
38.0,67.0,325,6.34,75,27,74,Cotton
27.6,52.5,449,6.79,84,33,51,Maize
18.5,60.0,259,6.08,56,33,46,Barley
26.4,60.0,360,6.1,75,37,74,Cotton
36.3,63.8,480,7.78,106,58,46,Cotton
29.0,69.5,452,6.05,37,26,45,Groundnut
33.1,88.7,582,6.87,150,51,91,Sugarcane
22.7,69.8,694,6.55,120,54,120,Sugarcane
26.0,47.4,235,7.32,55,46,37,Chickpea
23.9,62.8,369,6.3,84,45,79,Tomato
24.7,55.5,475,5.59,61,37,68,Tomato
30.6,63.8,334,6.78,106,43,61,Maize
16.4,69.3,274,7.03,66,48,49,Wheat
34.1,71.9,559,6.61,110,48,81,Sugarcane
23.2,47.7,342,6.21,92,62,64,Maize
24.6,68.5,251,6.61,77,54,39,Barley
13.5,45.9,304,7.05,39,24,51,Barley
34.3,67.9,408,6.76,104,42,41,Cotton
20.6,66.6,369,5.68,105,66,54,Potato
26.7,82.9,415,6.82,109,60,65,Rice
26.5,63.2,419,6.54,53,53,55,Wheat
20.3,54.9,341,6.46,30,39,69,Soybean
28.9,78.4,491,5.88,64,65,69,Tomato
19.6,51.8,342,6.56,54,52,84,Tomato
32.9,38.4,418,6.39,36,47,40,Millet
28.7,61.3,420,6.29,42,31,36,Soybean
29.3,75.9,474,7.2,126,64,79,Sugarcane
12.4,56.2,473,6.62,60,34,32,Barley
23.4,76.8,649,6.46,116,33,117,Sugarcane
23.2,75.6,523,5.53,95,39,62,Rice
34.0,70.1,545,6.38,142,65,108,Sugarcane
23.7,60.0,457,6.07,30,42,40,Groundnut
28.6,46.6,292,6.58,55,24,27,Millet
29.0,79.0,484,6.36,60,36,68,Tomato
22.8,58.7,261,6.42,45,58,50,Groundnut
28.6,83.6,561,5.58,93,48,64,Rice
25.9,64.8,548,7.05,37,32,57,Soybean
20.0,63.3,440,7.64,55,43,51,Chickpea
27.0,92.1,679,6.19,76,33,40,Rice
27.8,56.0,412,5.57,53,30,53,Millet
33.7,56.7,417,7.1,102,49,45,Cotton
22.5,86.8,619,6.15,90,32,50,Sugarcane
21.8,54.7,437,6.69,73,33,50,Tomato
24.4,60.9,422,7.48,62,67,67,Soybean
33.8,86.6,671,6.12,117,52,115,Sugarcane
24.4,90.9,549,6.52,94,46,49,Rice
31.0,68.6,391,6.78,68,45,68,Soybean
29.1,59.2,351,7.02,29,42,39,Millet
24.1,44.6,338,6.95,97,39,31,Wheat
25.8,64.2,371,6.83,53,43,29,Chickpea
30.4,66.4,522,6.71,149,58,88,Sugarcane
22.3,73.0,359,6.14,26,41,65,Groundnut
29.0,42.3,306,5.87,59,28,32,Millet
25.1,47.1,378,6.58,34,34,59,Millet
30.9,53.5,306,5.62,32,34,54,Groundnut
15.6,42.7,472,6.3,92,29,63,Wheat
32.0,45.5,448,5.85,40,55,32,Groundnut
27.2,79.2,425,7.09,108,69,67,Maize
22.1,54.7,429,6.08,29,43,40,Soybean
28.7,54.9,399,6.78,95,55,36,Maize
29.5,60.2,380,7.35,54,41,65,Soybean
32.2,62.3,373,6.83,61,44,88,Cotton
24.1,73.8,535,5.08,61,54,113,Potato
23.6,55.3,409,5.8,100,66,55,Maize
32.1,47.9,234,6.81,38,33,38,Millet
25.0,61.4,313,6.35,48,38,45,Chickpea
27.0,46.8,435,6.55,50,40,35,Groundnut
26.0,61.2,464,6.8,93,60,75,Maize
32.7,59.1,478,5.78,80,41,76,Cotton
17.3,67.5,498,6.77,44,35,53,Wheat
20.1,60.9,422,7.33,45,35,65,Soybean
23.7,44.1,430,6.63,67,40,33,Barley
25.6,55.3,228,5.52,42,48,47,Millet
26.4,87.4,513,5.6,62,32,26,Rice
30.4,82.2,628,7.17,102,61,61,Sugarcane
26.3,53.0,391,7.17,27,52,33,Chickpea
36.4,67.2,299,6.97,90,54,35,Cotton
25.6,73.3,501,5.99,86,36,37,Rice
23.1,74.7,429,6.6,47,53,52,Groundnut
18.4,62.0,546,6.25,43,38,64,Wheat
31.1,87.4,454,6.09,75,60,45,Rice
24.8,77.0,464,6.66,68,59,62,Soybean
22.8,53.0,295,6.37,71,25,68,Wheat
20.3,75.7,344,5.89,60,32,75,Potato
22.3,45.4,376,6.4,26,37,34,Chickpea
15.9,68.4,324,5.73,75,42,50,Potato
24.9,71.5,395,6.48,74,59,27,Rice
23.9,66.5,321,6.67,51,29,55,Wheat
34.4,55.7,358,6.91,98,51,35,Cotton
22.3,55.8,375,5.86,32,34,68,Groundnut
24.1,90.7,488,6.9,104,42,33,Rice
27.0,69.0,462,6.47,105,31,77,Sugarcane
33.8,87.8,727,6.76,132,55,103,Sugarcane
25.9,67.6,333,6.27,48,42,66,Groundnut
31.3,52.7,390,6.1,29,36,64,Groundnut
28.8,51.2,460,6.61,79,56,48,Cotton
27.5,50.4,550,6.84,61,55,57,Tomato
17.6,65.7,298,6.78,53,50,49,Wheat
23.2,70.8,400,5.57,27,35,33,Groundnut
33.2,41.0,211,7.1,29,33,43,Millet
31.2,55.7,422,6.32,83,40,63,Maize
27.8,49.3,240,6.21,46,43,60,Chickpea
29.6,32.7,215,6.52,65,24,29,Millet
25.3,59.4,443,6.65,38,25,49,Groundnut
22.9,67.4,720,6.43,100,39,120,Sugarcane
24.6,79.9,371,7.27,67,50,65,Soybean
16.0,46.0,442,6.24,44,55,30,Wheat
26.3,49.2,200,6.3,67,45,52,Millet
24.6,91.6,620,6.95,80,49,64,Rice
31.1,57.6,494,6.03,50,31,59,Soybean
25.2,50.0,240,7.6,58,57,40,Chickpea
23.9,57.8,443,6.69,22,33,57,Chickpea
31.3,31.3,302,6.3,45,21,37,Millet
28.3,83.3,449,6.86,82,47,66,Rice
26.5,85.2,508,6.5,102,36,32,Rice
23.6,82.2,527,6.31,98,47,91,Sugarcane
30.6,80.4,677,6.99,98,43,99,Sugarcane
25.3,73.1,538,6.16,85,53,49,Rice
24.7,56.4,415,5.93,47,20,53,Millet
31.2,61.5,481,7.2,120,68,75,Maize
19.1,35.5,389,7.27,70,51,59,Barley
24.4,51.8,316,6.0,106,28,43,Cotton
25.9,67.7,377,6.97,55,26,44,Groundnut
21.5,47.4,440,6.55,65,37,53,Wheat
23.9,56.9,422,7.48,80,40,42,Wheat
30.1,63.0,326,6.39,84,40,53,Maize
28.3,67.5,648,7.16,102,54,55,Sugarcane
23.3,68.6,424,5.53,50,65,90,Tomato
27.6,54.1,256,6.37,38,49,47,Chickpea
33.9,47.7,406,6.22,95,54,72,Cotton
15.6,71.4,348,6.48,45,26,35,Wheat
23.6,81.5,481,6.58,60,46,43,Rice
20.0,58.9,271,6.24,34,26,28,Chickpea
31.6,89.6,380,6.99,115,33,69,Rice
23.9,78.6,600,7.2,54,70,77,Soybean
32.0,83.8,530,6.55,77,44,41,Rice
23.2,74.2,536,6.36,63,34,56,Tomato
26.8,71.7,392,6.31,69,43,58,Soybean
26.8,75.4,667,6.61,123,38,94,Sugarcane
27.2,61.1,334,5.56,102,43,88,Cotton
28.5,89.5,683,5.56,61,40,37,Rice
30.5,88.8,593,7.06,141,42,84,Sugarcane
21.8,64.7,320,6.95,68,51,86,Tomato
27.2,52.7,558,6.52,55,33,37,Soybean
35.0,73.5,476,7.29,57,59,80,Cotton
28.7,67.7,569,7.23,62,45,39,Soybean
21.1,81.1,355,6.77,92,35,90,Potato
29.4,83.6,652,6.13,61,30,38,Rice
30.7,61.0,573,7.0,35,63,45,Soybean
19.0,58.7,480,7.45,41,22,46,Wheat
28.4,46.4,275,6.84,44,48,53,Millet
24.0,82.4,342,6.76,51,76,118,Potato
27.0,44.0,460,6.66,44,36,66,Wheat
14.1,61.6,350,6.98,41,24,64,Barley
17.7,63.8,563,6.53,90,32,118,Potato
24.9,66.4,639,6.15,112,30,102,Sugarcane
37.2,67.4,379,6.21,106,41,54,Cotton
33.1,49.3,241,7.01,45,35,56,Millet
28.4,94.4,396,6.42,92,49,54,Rice
15.2,44.7,404,6.01,54,33,45,Wheat
29.3,50.3,446,5.99,79,41,52,Tomato
13.5,45.6,387,7.15,80,28,33,Barley
23.6,81.4,514,7.31,119,58,105,Sugarcane
31.6,47.3,323,7.06,56,22,49,Millet
36.6,57.6,472,5.81,81,54,61,Cotton
24.2,71.6,587,6.86,79,51,32,Rice
22.0,72.5,325,5.86,40,33,49,Groundnut
18.0,53.2,372,6.2,59,26,50,Barley
26.5,62.1,611,7.39,106,42,88,Sugarcane
31.6,76.9,670,5.95,94,30,57,Rice
25.5,68.2,257,5.67,35,42,67,Groundnut
28.7,70.7,340,7.15,61,41,44,Soybean
23.1,42.9,372,6.13,46,46,27,Barley
24.9,64.1,311,6.96,21,34,57,Groundnut
24.5,73.9,566,6.68,64,53,63,Rice
18.0,74.6,401,6.4,43,26,36,Wheat
25.9,54.7,381,7.86,21,33,61,Chickpea
26.3,54.8,257,7.57,21,54,40,Chickpea
23.1,54.0,235,6.68,47,55,53,Chickpea
23.3,74.2,492,7.27,59,45,55,Wheat
37.6,64.3,363,7.33,106,51,58,Cotton
35.6,64.0,293,5.59,103,49,44,Cotton
26.9,70.0,422,6.09,44,55,56,Groundnut
18.7,56.2,303,5.55,56,62,59,Tomato
28.4,69.8,641,6.82,130,63,100,Sugarcane
24.4,53.0,428,6.58,52,48,60,Tomato
26.5,56.7,290,6.59,94,22,57,Wheat
24.5,69.0,422,5.79,86,60,84,Potato
22.1,53.3,333,6.8,53,37,52,Groundnut
23.0,58.2,279,7.42,92,31,65,Wheat
26.5,55.6,244,6.16,30,33,38,Chickpea
31.8,49.1,348,5.61,54,44,31,Groundnut
21.6,70.1,549,6.87,96,61,72,Maize
22.9,67.3,264,7.29,96,28,55,Wheat
15.0,43.1,495,6.3,41,33,35,Wheat
28.2,57.8,470,6.21,74,58,83,Tomato
27.5,51.6,257,5.51,45,43,45,Groundnut
16.7,65.1,367,6.23,39,44,38,Barley
33.2,53.0,449,6.29,50,45,79,Cotton
29.2,63.6,421,6.05,58,32,55,Groundnut
23.5,52.8,313,6.48,28,60,36,Chickpea
33.2,58.2,342,6.84,60,59,60,Cotton
21.3,62.8,350,6.84,87,53,40,Wheat
18.2,49.3,470,6.49,99,25,32,Wheat
15.9,47.6,298,6.18,71,26,61,Barley
32.2,51.5,483,6.42,66,57,35,Cotton
28.8,63.7,378,6.27,78,32,83,Cotton
25.9,75.1,533,5.86,81,41,69,Tomato
22.1,59.9,376,5.79,30,29,61,Groundnut
24.0,57.0,474,7.1,48,22,37,Wheat
29.0,56.8,297,6.15,34,48,34,Groundnut
23.6,52.8,429,7.63,23,26,40,Chickpea
29.8,72.3,512,6.16,63,49,73,Soybean
22.2,75.1,596,6.11,41,45,74,Soybean
22.7,74.1,388,7.43,38,47,49,Soybean
17.4,46.1,328,6.24,47,22,45,Wheat
15.8,41.5,411,6.61,54,24,25,Barley
20.0,62.8,301,6.72,51,52,76,Tomato
31.7,45.3,450,6.51,53,32,45,Millet
24.3,54.0,346,6.78,43,29,65,Groundnut
33.1,46.1,298,6.62,20,21,42,Millet
19.0,74.3,334,5.54,73,66,86,Tomato
20.3,70.0,310,5.99,69,64,75,Tomato
28.9,75.0,475,6.56,60,36,85,Tomato
23.4,36.4,289,6.22,89,46,41,Barley
31.7,51.9,386,5.87,99,57,68,Maize
16.3,39.8,271,7.47,83,50,47,Barley
15.1,62.2,566,6.17,108,63,73,Potato
24.3,72.0,295,6.87,79,52,50,Wheat
29.8,57.0,265,7.32,49,54,40,Chickpea
24.2,50.1,343,6.55,76,26,55,Barley
19.4,74.5,497,7.06,67,30,63,Wheat
19.0,49.6,246,6.49,55,52,55,Chickpea
21.9,62.5,421,5.87,113,51,57,Maize
23.6,49.5,292,6.4,46,60,41,Groundnut
29.4,66.9,456,5.64,48,41,47,Groundnut
15.1,64.6,313,6.8,51,67,63,Potato
21.6,65.7,542,6.18,74,34,90,Potato
28.5,51.1,429,5.65,25,31,53,Groundnut
28.7,40.1,411,7.07,34,58,52,Chickpea
17.4,58.5,266,6.51,45,29,63,Wheat
24.2,71.8,673,5.59,64,27,46,Rice
18.3,70.4,581,5.23,88,63,51,Potato
30.5,81.5,457,6.62,123,43,107,Sugarcane
26.1,67.2,372,6.48,44,54,49,Wheat
31.9,71.4,389,6.31,22,53,43,Groundnut
22.2,93.6,608,6.19,75,38,62,Rice
20.2,47.1,532,7.18,70,31,48,Wheat
28.8,80.0,716,7.02,111,44,52,Sugarcane
15.1,67.8,406,7.15,90,48,52,Barley
24.0,79.3,432,6.31,109,58,25,Rice
17.7,72.9,353,6.42,103,50,73,Potato
17.7,70.7,403,6.86,98,39,52,Wheat
18.3,41.2,297,6.09,78,33,63,Wheat
27.1,79.7,362,6.13,87,61,47,Maize
30.9,45.7,370,6.33,110,37,51,Maize
28.4,30.1,447,6.4,65,24,30,Millet
28.4,77.6,475,6.71,103,50,44,Rice
26.8,87.0,570,6.48,125,34,67,Sugarcane
21.5,77.2,526,5.88,99,70,57,Maize
24.6,64.4,708,6.41,130,63,75,Sugarcane
22.8,51.8,318,6.51,97,51,47,Wheat
21.6,62.4,572,6.78,85,30,69,Maize
30.9,48.1,279,6.9,42,26,50,Groundnut
21.1,71.3,419,7.01,110,69,30,Maize
26.7,68.7,481,5.68,28,36,41,Groundnut
16.5,66.0,440,5.6,76,34,61,Potato
28.9,52.9,301,6.02,79,70,70,Maize
31.9,42.6,350,7.5,47,38,30,Millet
33.3,80.0,471,6.9,92,66,62,Sugarcane
27.8,45.8,348,6.82,46,25,27,Chickpea
24.1,45.5,378,7.64,82,38,57,Cotton
26.6,50.3,349,7.37,60,53,38,Chickpea
26.9,63.5,332,5.89,99,50,85,Cotton
23.1,80.4,507,6.7,106,26,63,Rice
35.1,64.5,393,5.52,104,31,53,Cotton
24.7,65.4,463,6.8,85,38,119,Sugarcane
23.4,67.9,307,6.2,86,23,35,Wheat
19.5,57.3,336,6.19,51,35,86,Tomato
27.0,79.3,551,7.35,84,58,74,Sugarcane
24.4,82.9,484,6.36,127,58,68,Sugarcane
30.9,68.7,418,5.65,58,58,65,Groundnut
32.8,33.9,423,6.69,27,32,39,Millet
23.3,66.7,306,6.48,27,53,69,Groundnut
27.0,56.7,315,6.17,20,35,52,Groundnut
18.7,77.5,592,5.92,82,79,107,Potato
24.6,57.7,437,6.64,24,21,48,Millet
25.5,41.9,440,6.69,24,30,47,Millet
22.6,74.8,347,6.51,85,34,68,Wheat
27.6,85.5,555,6.21,108,70,61,Sugarcane
31.8,60.9,478,6.7,25,54,64,Groundnut
29.4,64.4,415,7.26,30,64,78,Soybean
23.2,42.6,390,7.35,40,27,57,Barley
37.7,73.2,403,7.35,109,30,70,Cotton
16.7,74.4,506,6.7,64,74,78,Potato
20.9,43.6,433,6.21,84,35,38,Barley
24.5,44.9,251,6.4,76,59,90,Cotton
27.8,82.4,701,6.92,124,70,108,Sugarcane
21.2,79.3,546,5.69,62,65,74,Tomato
27.7,88.5,470,6.68,150,48,118,Sugarcane
24.3,69.1,387,6.98,49,69,71,Soybean
27.9,61.5,562,7.18,120,39,55,Maize
25.8,34.7,344,7.24,69,45,36,Millet
28.5,52.0,260,5.95,55,30,23,Millet
24.9,50.4,306,6.77,40,59,38,Groundnut
15.2,60.8,333,6.48,77,23,43,Barley
26.9,43.5,453,5.55,54,56,75,Cotton
31.5,43.9,250,7.11,38,46,43,Millet
34.9,83.7,550,7.44,121,48,60,Sugarcane
23.5,73.5,512,6.75,148,59,115,Sugarcane
27.7,88.9,439,6.42,100,50,52,Rice
33.5,54.7,258,5.56,37,25,45,Millet
21.7,51.9,372,5.74,66,64,53,Tomato
30.5,52.7,553,7.04,67,56,62,Soybean
17.6,53.1,293,6.17,43,35,64,Wheat
20.5,70.8,451,6.2,50,41,63,Tomato
31.5,48.4,382,7.83,82,44,60,Cotton
20.6,50.3,533,5.66,77,68,91,Tomato
30.6,92.6,434,6.07,84,41,54,Rice
22.9,62.8,389,6.5,57,26,41,Wheat
29.8,52.7,474,5.9,28,29,38,Groundnut
24.5,55.9,430,6.41,28,30,46,Soybean
16.4,52.8,270,6.55,51,55,70,Wheat
19.5,55.5,260,6.44,44,21,39,Wheat
33.3,34.0,421,5.56,26,22,25,Millet
27.8,50.7,533,5.92,76,57,74,Maize
36.8,60.0,460,5.52,100,37,39,Cotton
25.9,68.4,409,7.12,44,70,57,Soybean
29.3,51.8,329,7.18,66,32,71,Soybean
27.9,58.4,457,6.83,108,35,36,Maize
21.1,36.7,222,7.09,32,40,40,Chickpea
19.6,56.0,335,6.93,50,54,43,Wheat
19.8,73.9,442,5.11,88,69,57,Potato
27.2,61.7,433,6.51,75,31,49,Cotton
29.7,74.2,473,6.12,87,55,78,Maize
30.0,55.1,330,5.75,52,44,38,Groundnut
21.6,63.7,551,5.93,104,51,44,Maize
29.5,47.4,278,6.93,61,35,84,Cotton
26.3,58.1,209,5.94,49,39,58,Millet
20.4,77.3,543,6.04,68,36,75,Tomato
23.2,89.6,507,7.45,139,56,118,Sugarcane
24.4,57.0,473,7.46,48,25,33,Wheat
30.4,60.5,347,6.8,53,35,76,Soybean
28.6,72.3,324,6.67,39,37,63,Soybean
24.3,85.1,637,5.8,101,59,51,Rice
34.5,74.7,656,6.06,87,60,62,Sugarcane
17.8,62.4,394,6.38,44,39,44,Wheat
16.0,63.6,482,6.04,65,70,102,Potato
22.7,65.4,568,7.2,110,33,115,Sugarcane
31.5,44.4,287,7.08,77,42,57,Cotton
24.3,57.9,289,6.04,73,32,48,Cotton
25.6,65.6,386,7.35,65,36,40,Cotton
26.0,50.6,237,7.85,36,40,53,Chickpea
19.5,67.8,333,5.8,59,65,93,Potato
19.1,50.2,386,6.91,65,37,53,Wheat
24.1,76.2,402,6.03,95,51,64,Rice
26.9,46.2,357,7.22,89,49,75,Cotton
25.9,61.2,325,6.35,57,40,69,Groundnut
15.5,70.2,390,6.55,83,42,106,Potato
17.4,74.9,375,5.97,82,62,82,Potato
15.7,67.6,271,6.61,53,53,54,Wheat
20.0,65.1,302,6.09,60,49,26,Barley
20.0,66.8,275,6.28,68,45,44,Wheat
30.6,57.9,504,7.04,63,51,37,Soybean
27.9,63.9,392,6.08,66,60,74,Tomato
23.8,62.6,363,6.18,114,66,60,Maize
31.6,58.8,313,5.51,55,42,66,Groundnut
23.6,55.9,399,6.58,76,48,37,Wheat
37.0,43.1,485,5.73,96,30,46,Cotton
29.3,74.1,544,5.9,119,60,39,Rice
24.9,72.3,544,6.86,88,58,67,Tomato
28.9,52.4,541,6.19,98,36,57,Maize
25.6,61.9,448,7.34,92,21,60,Wheat
19.2,38.5,436,6.98,66,46,44,Barley
24.0,66.5,396,6.86,33,67,57,Soybean
34.3,80.1,483,6.51,126,39,80,Sugarcane
26.3,54.7,247,5.84,66,26,38,Millet
28.1,56.0,299,7.16,55,44,58,Chickpea
31.5,88.8,499,6.08,107,42,104,Sugarcane
20.4,58.3,360,6.89,93,49,42,Wheat
28.7,64.7,452,6.55,42,34,60,Soybean
23.5,84.6,385,6.65,68,43,58,Potato
16.2,63.6,425,6.11,99,31,55,Wheat
31.5,78.2,351,6.8,114,30,54,Rice
21.9,76.9,571,7.16,41,70,75,Soybean
22.4,71.7,673,6.53,78,39,30,Rice
28.7,84.2,523,6.34,90,36,101,Sugarcane
26.5,34.9,401,7.17,34,35,31,Millet
25.3,62.7,350,6.02,83,51,38,Maize
23.4,51.0,275,6.08,37,43,37,Groundnut
28.1,64.1,603,6.0,112,65,89,Sugarcane
26.9,58.8,407,6.12,53,39,42,Groundnut
16.8,63.2,360,6.74,101,74,104,Potato
27.7,63.4,503,6.04,36,32,49,Soybean
28.8,61.2,593,6.15,50,64,44,Soybean
15.0,39.8,354,7.29,47,23,41,Barley
24.6,43.5,409,6.23,65,44,60,Barley
21.7,54.1,470,7.12,50,49,74,Soybean
30.0,86.7,665,6.38,143,30,64,Sugarcane
21.4,55.2,399,6.68,118,53,32,Maize
25.9,70.3,485,6.47,77,47,43,Cotton
29.3,53.0,417,5.52,20,46,44,Groundnut
27.2,77.6,432,5.98,105,39,47,Rice
25.6,71.7,473,6.6,100,31,62,Rice
23.4,54.8,206,6.62,39,59,68,Chickpea
21.3,40.5,250,7.09,70,27,43,Barley
26.2,76.2,499,6.72,105,38,78,Sugarcane
20.9,67.2,321,6.59,41,27,40,Barley
25.0,70.8,461,7.44,59,48,65,Wheat
27.0,58.1,274,6.27,23,58,53,Groundnut
19.7,60.0,384,7.14,46,54,57,Barley
33.4,54.4,457,6.6,75,41,38,Cotton
27.6,79.1,497,7.03,35,57,63,Soybean
33.5,64.7,722,6.99,107,58,104,Sugarcane
25.9,49.1,296,6.43,64,23,35,Wheat
20.5,54.0,519,6.26,56,46,80,Tomato
15.1,55.1,399,6.9,90,20,60,Wheat
31.4,92.0,594,6.48,108,43,45,Rice
26.5,72.7,292,6.37,27,25,63,Groundnut
22.7,69.0,379,7.1,93,70,71,Maize
20.7,62.3,338,6.1,30,29,27,Chickpea
29.0,50.9,431,6.79,57,58,60,Soybean
23.0,81.9,366,6.54,61,79,103,Potato
17.4,50.3,288,6.96,99,37,52,Wheat
30.1,59.9,288,6.85,54,55,38,Groundnut
25.8,51.3,498,6.22,54,41,36,Groundnut
25.0,94.2,646,6.6,63,45,28,Rice
25.8,63.7,598,7.34,48,67,80,Soybean
20.2,69.3,334,6.41,35,44,79,Soybean
24.6,72.3,522,6.66,98,46,118,Potato
29.4,51.9,366,7.95,43,37,49,Chickpea
19.1,78.8,371,5.1,88,79,61,Potato
20.9,62.8,446,5.59,83,50,92,Tomato
28.6,77.8,573,6.98,74,52,49,Maize
16.5,52.3,495,6.87,100,46,68,Wheat
23.5,52.8,363,6.1,51,45,35,Chickpea
29.3,63.5,490,6.13,77,43,67,Maize
28.9,73.4,482,6.26,68,66,63,Soybean
26.5,66.6,348,5.89,70,55,64,Tomato
15.3,74.9,372,6.73,44,54,66,Wheat
24.2,79.5,741,7.05,93,70,52,Sugarcane
31.3,48.5,288,7.36,62,41,53,Millet
21.2,59.5,311,7.3,38,49,26,Barley
21.7,45.0,481,6.14,72,27,36,Wheat
24.2,69.1,424,7.87,79,60,80,Cotton
15.8,72.8,501,5.65,53,49,86,Potato
26.5,67.4,533,6.02,69,36,64,Soybean
25.2,45.6,528,6.81,45,42,39,Wheat
30.1,69.6,505,6.39,52,59,54,Soybean
25.2,53.3,286,6.62,60,35,54,Groundnut
29.3,85.8,644,6.67,80,49,42,Rice
23.3,71.3,441,6.13,68,34,80,Soybean
20.6,62.2,358,7.06,51,48,66,Chickpea
24.9,48.3,338,6.68,53,28,64,Groundnut
25.7,81.6,697,6.38,92,34,47,Rice
19.2,71.9,523,6.26,53,33,52,Tomato
28.7,83.9,689,5.66,116,33,41,Rice
23.4,38.9,324,6.79,22,42,29,Chickpea
22.3,44.0,358,7.77,33,41,57,Chickpea
22.4,63.7,386,6.15,28,54,52,Groundnut
29.2,52.5,287,6.48,22,39,35,Groundnut
21.2,47.0,207,6.19,22,34,31,Chickpea
22.1,75.7,589,6.87,104,61,120,Sugarcane
31.7,48.0,493,7.29,66,41,36,Cotton
20.6,38.0,319,7.13,38,35,58,Chickpea
22.5,37.2,366,7.34,84,53,57,Barley
27.7,52.6,502,7.48,45,40,46,Soybean
29.7,92.1,358,5.86,64,31,63,Rice
28.1,82.5,381,6.18,111,46,70,Rice
22.5,50.6,312,6.99,50,55,35,Groundnut
27.3,60.2,379,6.95,110,60,31,Maize
33.8,38.3,246,6.59,65,20,28,Millet
22.4,66.0,363,6.67,26,25,30,Groundnut
24.6,49.7,301,6.65,49,48,66,Groundnut
26.6,90.2,361,6.09,112,25,38,Rice
18.9,62.8,528,6.23,55,68,89,Tomato
26.0,37.6,273,7.6,25,30,51,Chickpea
26.3,52.9,341,6.27,62,37,87,Tomato
27.5,57.3,305,7.47,58,25,36,Chickpea
23.0,88.0,681,6.22,98,57,85,Sugarcane
27.8,62.9,456,6.54,62,64,64,Soybean
25.8,70.5,475,6.66,29,57,35,Groundnut
27.6,53.0,367,6.36,77,42,39,Maize
25.6,80.0,447,6.95,120,54,30,Rice
27.8,69.4,438,6.14,64,63,49,Soybean
32.4,56.4,215,5.87,31,32,59,Millet
30.7,69.8,319,6.76,52,59,39,Groundnut
27.6,78.1,491,6.91,55,70,35,Soybean
18.9,64.4,473,6.51,73,20,44,Barley
22.0,47.1,461,7.07,64,42,34,Barley
15.5,45.0,259,6.71,98,22,40,Wheat
23.8,94.1,485,5.56,98,52,47,Rice
31.0,51.9,468,6.24,100,70,36,Maize
33.1,36.6,390,6.44,68,43,57,Millet
34.8,84.8,640,7.38,131,32,69,Sugarcane
32.7,47.7,297,7.56,85,29,87,Cotton
30.5,72.7,545,6.36,96,43,69,Rice
29.0,71.0,517,5.72,105,40,47,Rice
30.7,74.1,511,7.25,31,36,38,Soybean
26.4,47.8,307,6.13,55,29,49,Groundnut
28.6,68.0,500,6.4,79,45,82,Cotton
23.9,50.9,415,6.24,86,22,60,Wheat
35.2,40.2,463,7.56,73,38,53,Cotton
17.2,59.8,252,6.64,85,25,41,Barley
23.1,69.6,584,6.35,56,56,98,Potato
21.4,67.2,424,6.71,85,31,30,Barley
22.3,74.3,362,7.04,50,44,71,Soybean
29.5,59.5,447,6.85,74,51,51,Maize
29.7,53.9,340,6.45,39,28,59,Millet
23.7,70.3,367,6.07,67,60,64,Potato
31.2,71.7,393,5.64,66,48,33,Rice
21.0,62.6,358,6.84,89,41,80,Maize
33.4,80.7,699,7.14,108,63,63,Sugarcane
27.8,63.4,295,7.4,34,27,20,Millet
25.7,73.6,621,6.12,103,36,35,Rice
24.5,77.5,343,7.33,68,40,77,Soybean
27.0,64.9,325,6.38,79,65,66,Tomato
16.1,72.3,458,6.32,92,68,63,Potato
23.0,56.8,393,6.66,33,27,38,Groundnut
29.3,72.9,364,6.53,98,67,44,Maize
23.2,38.7,238,6.58,54,56,44,Chickpea
12.5,44.1,381,6.45,67,26,32,Barley
31.2,71.9,270,6.17,24,43,54,Groundnut
25.0,63.3,260,7.44,69,38,35,Millet
23.4,56.8,525,5.9,76,46,41,Tomato
21.6,83.6,361,5.77,88,49,79,Potato
24.3,49.2,339,7.1,31,33,51,Millet
25.0,42.7,450,6.79,56,32,66,Cotton
18.7,77.9,360,5.48,74,37,86,Potato
26.2,80.1,677,6.3,99,34,42,Rice
24.0,46.1,315,6.16,82,40,57,Wheat
31.5,64.4,539,6.53,44,68,63,Soybean
28.3,51.3,363,5.83,34,29,34,Millet
33.1,74.6,622,7.21,126,40,71,Sugarcane
30.2,76.2,412,6.11,30,32,57,Soybean
24.7,39.4,363,7.39,82,50,59,Barley
27.7,64.1,452,7.53,67,35,43,Cotton
18.5,38.0,335,6.48,57,23,65,Barley
26.2,36.9,260,7.23,21,33,25,Millet
22.7,71.7,470,6.11,120,40,62,Rice
33.6,74.3,525,6.1,125,34,85,Sugarcane
27.3,65.3,311,6.62,36,36,43,Groundnut
33.9,87.8,545,6.14,91,30,105,Sugarcane
26.6,90.0,691,6.3,95,45,53,Rice
21.0,44.6,260,7.65,20,26,41,Chickpea
23.3,56.5,281,7.26,27,44,44,Chickpea
20.2,72.6,591,5.79,93,43,97,Potato
25.0,59.2,474,6.76,58,50,46,Tomato
31.8,76.1,653,6.93,89,42,61,Sugarcane
25.4,73.0,566,6.54,90,29,39,Rice
24.7,82.0,484,6.09,132,38,68,Sugarcane
24.6,82.2,360,6.77,107,74,105,Potato
28.6,61.1,403,5.81,69,58,34,Maize
20.3,76.6,310,6.83,93,30,100,Tomato
28.4,69.9,452,6.35,112,41,56,Maize
24.9,90.7,421,6.64,90,53,64,Rice
23.2,68.6,495,6.06,68,37,29,Barley
19.6,69.9,371,5.64,102,69,87,Potato
24.3,70.0,393,6.95,54,20,46,Barley
22.8,77.2,524,5.42,77,44,119,Potato
28.3,77.9,333,5.78,59,35,81,Tomato
22.3,59.0,506,6.97,79,42,56,Tomato
26.3,55.1,284,5.73,51,32,64,Groundnut
23.1,60.7,366,5.44,100,53,83,Potato
26.1,73.3,485,7.22,36,48,50,Soybean
26.5,65.4,715,6.25,92,61,74,Sugarcane
16.9,83.4,581,5.59,73,54,89,Potato
20.1,66.5,490,6.08,74,61,50,Potato
19.0,35.2,409,6.48,77,51,54,Barley
21.3,45.3,535,6.24,112,48,44,Maize
28.1,64.3,288,6.36,58,45,61,Chickpea
30.7,32.2,297,7.28,47,40,56,Millet
24.4,62.4,439,6.34,71,58,44,Maize
18.2,53.5,254,6.71,49,50,26,Chickpea
36.2,73.3,425,6.56,66,36,40,Cotton
29.4,47.4,330,6.4,38,35,48,Millet
23.1,51.1,421,6.26,61,65,44,Tomato
21.5,56.0,374,7.25,68,52,60,Barley
20.9,37.5,414,7.13,51,27,53,Barley
25.3,64.7,427,7.89,25,44,58,Chickpea
31.4,58.5,354,6.11,53,52,66,Groundnut
31.2,69.9,312,7.24,53,48,71,Cotton
20.9,68.0,267,6.44,60,36,31,Wheat
25.9,69.0,460,6.61,40,36,61,Soybean
24.9,71.7,362,7.19,64,36,62,Maize
23.5,53.7,373,7.1,77,32,58,Wheat
27.1,57.4,524,5.74,65,55,98,Tomato
29.0,50.5,365,6.16,30,33,42,Groundnut
25.2,64.1,574,6.88,46,58,42,Soybean
20.8,67.9,421,5.89,97,36,75,Tomato
27.8,72.5,557,7.42,109,50,110,Sugarcane
21.6,63.0,523,7.5,68,42,45,Wheat
20.1,62.7,547,6.65,59,45,64,Soybean
22.7,51.7,311,6.41,88,46,35,Wheat
23.3,64.6,269,6.78,68,49,27,Wheat
28.9,71.4,488,6.61,63,67,58,Soybean
28.7,81.8,667,6.83,95,45,64,Rice
21.3,51.1,264,6.36,57,22,45,Barley
30.2,68.2,472,6.31,33,38,57,Groundnut
16.7,65.4,587,6.7,96,44,116,Potato
22.9,38.2,428,7.37,57,38,61,Chickpea
24.8,45.4,358,6.79,68,50,72,Maize
29.3,53.9,214,7.7,46,52,37,Chickpea
13.6,45.5,352,6.39,59,25,31,Barley
24.9,42.8,415,7.15,38,54,26,Chickpea
28.3,55.0,342,5.8,96,61,83,Tomato
30.0,61.7,310,5.58,88,67,72,Tomato
23.2,75.1,648,6.23,117,57,53,Rice
33.4,82.7,516,6.55,147,57,77,Sugarcane
23.3,40.0,265,6.39,60,41,69,Chickpea
26.2,79.2,475,6.27,67,56,50,Soybean
26.3,70.2,333,7.3,51,23,51,Wheat
25.1,68.6,364,6.54,61,68,60,Tomato
23.1,78.5,421,5.98,92,62,80,Tomato
26.9,37.5,282,6.39,61,31,37,Millet
29.5,93.1,471,6.8,111,36,51,Rice
27.0,57.3,462,6.85,31,38,55,Soybean
27.8,74.3,372,6.54,63,69,52,Tomato
27.7,73.4,295,5.91,93,58,88,Cotton
27.3,57.9,342,7.12,116,65,46,Maize
23.8,55.4,534,6.01,48,35,42,Soybean
23.0,56.6,462,5.95,51,36,79,Tomato
15.1,46.3,295,7.06,77,38,51,Wheat
18.3,72.5,412,6.73,85,35,76,Tomato
33.5,62.1,519,6.94,130,39,64,Sugarcane
28.9,58.0,277,6.98,48,22,57,Millet
18.1,50.7,350,5.88,79,58,44,Tomato
25.4,42.1,535,7.12,96,46,48,Wheat
22.7,53.7,373,6.79,48,36,57,Chickpea
29.7,76.1,400,5.92,95,63,85,Tomato
25.5,71.3,603,6.4,113,55,43,Rice
18.9,46.1,277,7.75,53,49,56,Chickpea
16.8,55.8,486,6.05,61,34,28,Barley
26.0,56.8,311,6.08,37,24,46,Millet
29.2,81.8,718,6.7,146,52,101,Sugarcane
16.1,70.3,381,6.19,92,31,83,Potato
26.2,66.7,470,6.37,99,47,53,Sugarcane
22.4,52.1,421,6.58,98,65,64,Tomato
15.3,44.2,351,6.87,81,54,36,Wheat
19.7,66.6,526,6.76,69,33,42,Wheat
20.5,57.9,424,6.63,29,50,58,Chickpea
27.5,77.6,629,7.42,142,31,98,Sugarcane
22.5,55.4,439,6.28,75,22,67,Wheat
29.9,79.5,326,5.62,96,43,80,Tomato
37.4,74.7,394,6.76,86,60,81,Cotton
16.2,49.2,272,6.83,73,25,32,Barley
22.9,58.0,330,7.35,32,41,63,Soybean
24.6,68.1,473,7.3,102,28,39,Cotton
25.2,84.9,694,6.73,75,44,34,Rice
28.4,57.0,369,6.62,56,59,47,Groundnut
23.6,51.0,366,6.5,68,45,69,Soybean
26.1,63.1,367,6.67,84,30,31,Wheat
29.0,61.3,357,6.78,78,40,76,Tomato
24.5,57.6,467,6.8,70,26,53,Wheat
27.4,42.4,313,6.06,23,42,62,Chickpea
27.1,65.8,591,7.07,126,33,110,Sugarcane
20.7,66.2,389,6.37,77,41,76,Potato
22.9,59.3,264,7.49,76,26,54,Barley
29.3,40.6,245,6.07,45,45,63,Chickpea
28.6,44.4,378,6.83,24,39,38,Chickpea
26.3,56.4,456,6.2,59,58,56,Groundnut
13.0,64.4,414,6.6,54,50,61,Barley
34.7,54.1,497,6.52,91,33,64,Cotton
22.1,71.7,354,6.37,33,60,58,Soybean
20.5,57.5,250,6.74,69,33,49,Barley
21.6,41.1,301,7.5,62,34,43,Barley
21.8,43.5,394,7.7,48,58,70,Chickpea
18.6,42.1,387,7.44,20,59,37,Chickpea
23.5,55.0,409,6.62,57,29,67,Groundnut
34.0,39.5,228,6.08,38,20,25,Millet
26.5,57.2,232,7.69,48,46,51,Chickpea
13.5,35.9,300,6.99,76,52,29,Barley
23.5,74.2,491,6.13,90,29,48,Rice
34.4,62.1,418,6.32,37,48,51,Millet
30.4,50.3,272,7.21,46,30,29,Millet
18.1,66.1,387,7.35,41,41,44,Wheat
24.3,63.7,345,7.33,44,46,38,Chickpea
21.6,75.2,347,7.03,64,33,67,Soybean
22.8,59.9,306,5.9,47,46,42,Groundnut
23.8,79.5,467,6.25,113,47,29,Rice
27.2,78.1,468,5.99,80,32,63,Maize
26.8,57.6,485,6.63,47,38,46,Groundnut
18.2,64.3,430,6.1,82,32,88,Potato
19.3,62.6,497,7.16,74,52,30,Barley
28.1,67.5,543,6.16,48,69,62,Soybean
37.1,74.8,300,6.61,83,37,35,Cotton
30.0,51.9,248,7.32,31,42,56,Millet
23.7,61.5,380,6.55,98,74,56,Potato
18.6,59.8,407,5.69,96,60,86,Tomato
24.1,51.3,312,7.0,80,54,46,Maize
33.3,55.0,255,5.94,66,29,45,Cotton
23.4,72.1,428,6.39,79,61,85,Tomato
26.6,70.0,545,6.15,53,63,61,Tomato
23.9,83.3,557,5.35,69,41,90,Potato
35.7,61.9,492,7.09,50,40,43,Cotton
23.2,53.8,407,5.75,35,47,34,Groundnut
29.5,60.2,386,6.3,95,37,41,Tomato
24.3,76.0,535,5.51,57,34,53,Tomato
30.3,65.8,265,5.89,55,52,34,Groundnut
33.5,49.9,232,5.88,49,28,43,Millet
28.2,51.8,458,6.83,64,51,58,Tomato
17.9,51.9,399,6.82,63,26,27,Wheat
18.2,59.9,446,6.99,63,43,96,Tomato
26.9,50.5,203,5.67,66,36,45,Millet
26.1,78.0,403,6.79,81,51,69,Rice
22.9,49.0,386,6.19,60,44,50,Groundnut
22.9,76.6,475,6.69,85,74,91,Potato
24.6,57.8,585,6.68,50,59,64,Soybean
30.7,60.1,373,6.98,21,45,70,Groundnut
20.9,65.7,360,5.47,100,35,104,Potato
25.1,72.8,529,6.2,66,40,53,Wheat
24.7,41.2,318,6.1,84,31,52,Cotton
25.9,58.2,421,6.62,61,40,56,Wheat
22.8,54.3,346,5.82,87,47,88,Tomato
28.1,60.7,372,7.41,57,46,57,Chickpea
33.3,73.9,528,6.21,129,56,53,Sugarcane
28.1,41.2,226,7.8,54,57,50,Chickpea
29.6,78.9,739,6.85,92,54,110,Sugarcane
29.1,70.2,608,6.18,63,55,67,Rice
27.4,84.8,527,6.64,112,43,50,Sugarcane
26.2,73.7,542,5.78,94,55,40,Rice
27.1,49.6,346,6.16,51,21,64,Wheat
23.4,61.6,317,6.2,78,43,40,Barley
23.3,66.8,524,6.06,99,61,61,Tomato
25.2,41.8,365,6.81,67,39,45,Millet
27.4,54.2,396,7.84,34,39,53,Chickpea
24.7,54.2,479,6.0,85,37,83,Tomato
25.7,77.1,455,6.52,47,50,78,Soybean
34.5,61.6,672,7.11,147,41,115,Sugarcane
33.6,68.1,493,7.29,83,41,65,Cotton
23.7,54.8,428,6.29,62,21,44,Wheat
23.8,60.3,324,6.69,31,57,70,Chickpea
16.4,68.4,304,6.04,70,38,69,Potato
29.0,77.5,700,6.4,67,27,47,Rice
23.2,60.2,311,6.87,47,40,70,Soybean
25.9,67.8,497,6.39,27,28,59,Groundnut
19.6,66.4,598,5.11,61,72,69,Potato
32.3,85.4,617,6.32,139,39,69,Sugarcane
21.6,52.5,313,6.57,83,36,39,Barley
19.0,61.0,324,7.98,38,37,49,Chickpea
26.6,62.0,362,5.81,65,69,43,Tomato
26.0,34.9,400,7.08,35,41,60,Millet
17.3,76.1,590,5.94,76,67,77,Potato
16.4,78.1,544,5.29,53,41,120,Potato
26.7,66.6,287,7.32,55,36,63,Cotton
22.8,39.3,276,7.22,86,28,45,Barley
33.9,49.6,264,7.93,102,26,90,Cotton
22.4,82.0,351,6.32,101,50,59,Potato
33.4,85.1,672,6.84,142,44,56,Sugarcane
27.7,79.2,525,6.67,97,49,100,Sugarcane
20.4,59.5,348,6.18,73,26,64,Wheat
23.9,74.7,405,5.66,100,68,99,Tomato
29.2,68.7,468,5.84,103,37,55,Maize
20.7,60.8,363,5.3,107,64,72,Potato
25.2,79.0,617,6.53,141,65,68,Sugarcane
29.4,89.1,631,6.27,96,32,42,Rice
25.1,53.4,420,7.49,56,36,36,Wheat
21.7,61.4,475,6.21,60,63,67,Maize
24.9,91.3,551,6.55,107,45,45,Rice
31.2,73.9,716,6.78,114,38,91,Sugarcane
29.0,62.6,309,5.97,119,64,41,Maize
18.7,65.7,418,5.13,65,38,64,Potato
27.1,57.4,378,7.04,50,35,42,Chickpea
31.9,48.7,315,7.49,61,40,49,Cotton
26.6,63.1,337,5.77,62,41,41,Tomato
29.9,71.5,442,6.21,43,48,66,Soybean
24.0,69.5,575,7.3,96,61,90,Sugarcane
29.3,53.5,364,5.9,58,56,67,Groundnut
22.7,66.5,342,7.08,77,30,47,Barley
31.5,55.3,322,5.78,58,29,55,Cotton
25.9,52.7,395,6.16,61,55,65,Soybean
25.0,36.8,289,7.97,58,39,45,Chickpea
23.4,60.1,523,6.63,98,40,52,Tomato
25.4,61.2,519,7.03,99,36,51,Maize
24.1,84.9,731,6.42,104,61,113,Sugarcane
24.6,63.7,548,5.52,53,61,111,Potato
17.0,74.0,529,7.46,61,38,55,Wheat
22.2,83.7,538,6.23,103,43,62,Sugarcane
23.4,35.7,304,7.13,68,45,43,Barley
29.7,70.2,418,6.85,33,31,50,Groundnut
31.6,64.7,373,6.49,40,50,36,Groundnut
17.5,66.5,359,6.92,88,55,55,Barley
27.2,46.7,493,6.87,119,45,53,Maize
35.7,69.7,331,7.74,60,48,68,Cotton
28.6,78.9,640,6.04,131,51,108,Sugarcane
23.6,68.4,680,7.34,91,51,80,Sugarcane
31.4,69.6,469,6.22,93,44,50,Sugarcane
29.9,62.7,453,6.41,94,50,42,Maize
27.8,57.0,308,6.5,35,25,32,Chickpea
23.0,62.8,516,6.43,38,50,73,Soybean
20.4,67.0,385,5.25,95,51,115,Potato
24.8,89.4,598,6.44,77,53,29,Rice
23.6,81.5,344,5.31,97,67,104,Potato
20.4,58.6,417,7.0,56,34,63,Barley
21.2,55.3,573,6.84,70,34,72,Maize
29.7,53.0,299,6.27,36,46,57,Millet
27.7,66.5,488,6.85,45,49,31,Wheat
27.4,57.7,373,6.94,21,60,38,Groundnut
20.3,48.8,272,6.55,43,48,70,Chickpea
16.1,82.8,323,6.67,90,74,95,Potato
22.0,59.3,323,5.64,70,31,92,Tomato
15.7,64.9,403,5.82,55,38,90,Potato
21.3,55.2,226,6.63,37,39,61,Chickpea
21.3,75.6,330,5.68,50,35,116,Potato
29.5,62.2,302,5.96,30,57,69,Groundnut
29.6,73.5,390,6.25,82,28,31,Rice
24.1,73.2,431,6.98,62,57,87,Cotton
26.0,74.4,413,6.07,67,40,59,Soybean
34.5,37.4,230,5.82,31,27,58,Millet
30.6,40.6,389,6.55,64,49,37,Millet
28.4,63.8,485,7.04,55,45,61,Soybean
26.3,41.2,380,6.13,76,43,73,Cotton
29.0,73.8,588,7.05,97,43,67,Maize
24.1,49.6,448,6.64,60,34,38,Groundnut
20.8,52.2,488,6.64,86,44,55,Tomato
21.8,57.8,403,7.35,28,40,63,Chickpea
20.0,73.3,482,6.66,59,37,60,Potato
25.0,45.6,435,6.7,96,55,37,Cotton
29.4,54.2,309,7.81,48,44,60,Chickpea
25.0,39.0,352,5.65,42,27,55,Millet
32.9,84.1,649,6.28,143,59,100,Sugarcane
29.1,60.0,342,6.86,118,49,68,Maize
25.0,88.1,355,5.89,83,40,28,Rice
25.5,51.3,426,7.31,64,35,40,Cotton
22.0,69.1,463,5.8,53,51,64,Groundnut
22.7,63.2,593,7.26,115,46,115,Sugarcane
22.7,80.5,462,6.08,108,60,55,Sugarcane
27.4,57.9,282,7.05,107,43,38,Cotton
29.4,82.5,548,6.87,67,41,41,Rice
33.6,42.8,319,6.87,69,36,53,Millet
27.9,66.4,584,6.82,95,47,115,Sugarcane
19.8,66.3,483,6.17,46,24,60,Barley
24.5,54.7,400,6.43,42,39,61,Wheat
30.7,66.4,410,6.46,23,60,47,Groundnut
26.7,87.7,533,6.04,106,49,101,Sugarcane
21.0,57.8,525,7.36,30,31,48,Soybean
31.2,65.4,336,7.82,97,44,62,Cotton
30.5,56.9,392,7.65,96,30,41,Cotton
32.9,57.6,456,5.58,68,51,48,Cotton
24.5,61.2,409,6.27,68,50,52,Soybean
13.4,68.7,365,6.6,88,30,52,Barley
30.6,50.6,447,6.1,63,23,33,Millet
21.8,48.8,352,6.31,72,54,63,Barley
27.2,63.2,479,7.05,30,37,77,Soybean
22.8,35.6,292,6.64,86,48,47,Barley
24.3,73.4,389,5.94,110,31,57,Rice
27.7,50.0,416,7.01,71,48,30,Wheat
32.5,64.0,221,6.9,25,47,44,Millet
24.9,68.0,549,6.22,112,69,53,Maize
15.5,74.9,593,5.54,58,49,117,Potato
23.0,57.4,504,6.74,51,34,70,Wheat
22.3,54.2,563,6.56,42,56,55,Soybean
31.4,45.2,207,6.15,65,24,60,Millet
23.1,68.4,313,5.09,54,54,117,Potato
18.7,73.9,488,6.74,76,55,108,Potato
23.6,80.2,654,6.2,62,39,43,Rice
27.5,45.0,441,7.44,40,55,60,Wheat
24.2,84.7,353,6.64,70,52,46,Rice
28.9,70.6,596,6.14,59,58,45,Soybean
27.0,92.5,441,5.83,93,27,50,Rice
30.5,85.1,372,6.59,94,32,49,Rice
23.5,71.5,539,7.2,51,27,69,Wheat
15.0,76.1,421,5.66,94,47,53,Potato
27.5,60.6,368,6.33,60,61,68,Soybean
31.5,70.1,596,5.93,81,47,34,Maize
20.4,84.3,395,5.05,89,58,85,Potato
31.7,71.7,619,6.32,110,57,60,Rice
25.1,62.7,398,7.14,36,46,49,Millet
21.4,52.9,587,6.11,76,51,80,Maize
24.2,67.9,437,6.26,55,73,72,Potato
29.2,56.3,409,6.64,30,54,56,Groundnut
23.6,80.0,592,7.18,125,35,95,Sugarcane
29.3,47.5,442,6.18,42,51,46,Groundnut
20.1,78.3,337,6.22,56,34,93,Tomato
15.8,64.1,494,5.2,98,57,80,Potato
35.6,62.6,497,6.83,75,26,42,Cotton
20.2,60.0,246,7.24,58,26,40,Chickpea
33.3,78.6,743,6.98,102,48,120,Sugarcane
21.5,74.9,554,6.67,75,80,117,Potato
32.4,53.8,277,6.38,66,28,52,Millet
29.0,62.0,334,5.92,102,45,75,Maize
20.9,52.0,339,6.71,91,51,62,Tomato
25.1,62.5,333,5.64,24,41,44,Groundnut
24.7,55.1,280,7.55,27,32,51,Chickpea
23.1,83.9,454,6.23,134,61,61,Sugarcane
30.7,55.5,371,5.99,84,38,73,Cotton
27.8,51.6,386,5.62,47,28,49,Groundnut
30.6,58.4,362,6.29,62,43,50,Cotton
17.7,70.0,556,5.41,52,57,67,Potato
26.3,63.5,388,7.87,41,35,57,Chickpea
33.2,81.7,492,6.48,90,35,74,Sugarcane
25.8,66.8,334,7.02,59,47,62,Soybean
24.5,49.3,396,7.47,61,26,37,Barley
21.7,67.0,306,6.91,60,36,64,Maize
22.0,72.8,583,7.31,42,39,77,Soybean
30.6,64.4,677,6.15,85,38,98,Sugarcane
25.0,59.3,534,7.13,93,53,31,Maize
27.4,31.0,325,6.4,60,30,58,Millet
24.9,89.1,489,6.17,92,34,52,Rice
26.2,93.5,696,6.62,71,44,50,Rice
29.4,47.0,340,6.43,90,29,63,Cotton
21.3,72.3,414,6.7,80,41,64,Tomato
24.5,73.2,375,5.89,30,45,44,Groundnut
19.8,65.7,346,7.16,75,53,62,Barley
23.8,84.6,675,6.72,65,55,47,Rice
20.3,52.0,497,6.2,74,48,72,Maize
30.8,59.9,398,6.57,107,32,81,Cotton
28.0,54.3,344,6.87,57,46,30,Millet
25.0,44.5,291,6.18,21,33,29,Millet
26.2,63.3,747,6.47,144,65,87,Sugarcane
16.6,56.3,343,7.23,48,39,40,Barley
28.1,65.0,453,6.37,71,30,57,Tomato
25.0,63.8,368,6.12,47,31,26,Millet
24.0,64.5,377,6.96,58,45,60,Tomato
18.6,46.8,338,6.7,48,52,57,Chickpea
24.2,83.9,433,5.47,53,64,76,Potato
23.3,64.8,311,6.13,78,28,49,Wheat
33.5,69.9,402,6.38,80,25,66,Cotton
33.6,54.6,377,6.72,26,28,22,Millet
26.9,43.9,352,6.62,63,39,60,Millet
19.7,47.4,322,6.92,59,47,61,Barley
14.6,44.2,456,6.53,59,37,45,Barley
27.4,77.2,607,6.72,103,52,36,Rice
29.4,74.8,391,6.38,72,37,64,Tomato
23.5,87.1,700,6.1,148,50,71,Sugarcane
30.7,65.6,403,6.97,40,57,74,Soybean
21.5,38.1,459,7.03,61,22,47,Barley
15.8,53.5,517,6.63,74,50,61,Wheat
17.5,55.8,441,7.48,82,39,41,Barley
22.2,88.4,520,6.67,86,40,42,Rice
17.0,56.1,419,6.06,44,23,36,Wheat
26.8,93.9,492,6.34,74,44,43,Rice
18.1,81.6,550,6.36,71,64,53,Potato
23.7,76.1,592,6.02,113,53,46,Maize
13.7,62.8,391,7.4,55,52,60,Barley
22.1,63.5,609,6.79,140,44,106,Sugarcane
34.0,61.4,284,5.9,25,26,27,Millet
28.2,61.6,428,7.19,61,32,71,Soybean
31.8,62.7,285,5.57,38,60,68,Groundnut
22.1,73.1,400,7.03,29,54,68,Soybean
24.7,79.3,306,5.37,107,67,65,Potato
22.7,58.8,305,7.06,36,49,43,Soybean
27.1,78.2,565,7.12,96,60,115,Sugarcane
28.5,70.5,580,7.05,129,64,62,Sugarcane
26.2,83.9,747,6.78,95,48,81,Sugarcane
32.0,69.0,424,6.54,91,52,53,Cotton
33.3,53.9,275,7.88,82,29,52,Cotton
25.8,51.8,327,6.65,32,49,26,Millet
26.3,55.0,300,5.59,72,42,87,Tomato
30.7,72.5,668,6.31,100,53,62,Sugarcane
17.9,49.4,281,6.23,84,26,30,Wheat
32.0,62.7,326,5.55,37,30,32,Groundnut
19.1,45.1,304,6.43,35,38,68,Chickpea
20.3,43.0,359,7.47,83,38,59,Barley
27.4,34.7,435,6.96,61,40,57,Millet
26.4,54.9,417,6.63,65,44,51,Tomato
21.6,62.1,495,7.39,53,64,49,Soybean
31.7,58.7,439,6.84,55,28,63,Cotton
15.6,60.1,332,6.2,72,22,61,Wheat
28.2,77.5,580,7.14,32,39,65,Soybean
18.3,74.0,364,6.77,62,42,56,Wheat
26.7,44.2,233,6.21,46,48,29,Chickpea
31.2,72.3,476,6.99,94,58,47,Cotton
23.0,53.2,512,6.43,52,42,59,Tomato
23.3,79.3,637,5.66,75,54,32,Rice
37.0,40.9,450,7.53,84,49,78,Cotton
18.9,83.3,557,5.69,101,34,105,Potato
22.1,67.4,515,7.12,53,51,66,Soybean
16.1,56.5,289,7.03,74,39,64,Wheat
22.3,37.7,240,6.13,32,41,26,Chickpea
15.9,45.4,401,7.23,74,43,54,Wheat
29.2,56.6,335,7.61,73,32,85,Cotton
22.4,51.7,401,7.48,45,56,76,Soybean
23.3,70.6,321,5.56,40,39,67,Groundnut
28.2,63.8,478,6.45,29,64,80,Soybean
26.0,46.6,299,5.58,52,52,51,Groundnut
23.5,79.7,451,7.09,30,42,50,Soybean
20.1,78.0,378,6.51,58,50,116,Potato
25.8,75.3,498,6.47,59,66,59,Soybean
29.2,79.6,471,6.73,91,63,77,Tomato
29.5,67.0,471,6.96,55,57,59,Groundnut
24.3,83.5,536,5.65,82,50,65,Potato
29.2,73.7,451,5.77,50,49,89,Tomato
30.2,77.1,502,6.76,97,56,34,Rice
12.1,64.7,478,6.24,78,36,45,Barley
24.4,85.5,566,6.24,117,68,102,Sugarcane
28.7,61.1,695,6.16,109,32,99,Sugarcane
26.6,64.2,536,6.67,59,70,69,Tomato
15.7,45.3,404,6.36,81,42,51,Barley
18.9,38.9,476,6.11,41,47,28,Barley
24.7,57.6,256,5.73,38,46,41,Millet
33.2,46.3,327,5.91,31,43,46,Millet
30.2,63.4,535,7.18,26,45,65,Soybean
28.2,71.3,381,7.39,69,69,66,Soybean
26.0,52.1,492,6.09,62,45,76,Maize
24.6,83.1,513,6.14,102,62,116,Sugarcane
14.3,51.4,427,6.33,64,32,40,Barley
26.0,65.1,745,6.56,85,65,55,Sugarcane
29.3,59.6,513,6.72,106,57,40,Maize
22.8,65.6,306,6.13,99,37,49,Maize
27.4,48.6,418,6.83,49,49,44,Chickpea
27.0,80.0,589,7.48,99,55,75,Sugarcane
17.8,45.7,290,6.86,75,35,45,Barley
24.7,86.4,589,6.61,81,56,102,Sugarcane
15.1,52.7,331,7.37,74,24,51,Barley
22.0,47.0,285,6.82,29,26,33,Groundnut
22.2,49.8,322,5.88,79,67,57,Maize
29.9,52.1,513,5.51,66,49,55,Tomato
20.4,60.2,358,5.56,76,65,95,Tomato
21.4,62.1,561,6.36,100,60,85,Potato
13.6,64.3,431,6.5,45,35,35,Barley
31.8,53.2,348,7.27,72,44,88,Cotton
13.3,36.2,430,6.2,75,39,40,Barley
18.8,71.7,357,6.35,51,39,97,Tomato
26.4,80.8,683,6.96,68,44,45,Rice
22.3,93.3,682,6.0,69,33,27,Rice
30.8,68.5,346,6.36,113,38,45,Maize
28.3,50.7,446,6.83,56,44,74,Cotton
28.9,77.8,378,7.2,48,32,45,Soybean
22.9,68.4,420,6.81,44,47,40,Groundnut
16.0,47.6,515,6.15,86,34,59,Wheat
33.8,61.6,572,7.05,113,58,105,Sugarcane
22.0,40.7,327,6.7,84,35,50,Barley
25.7,73.2,360,6.67,70,50,35,Wheat
22.4,86.2,496,6.04,109,28,66,Rice
27.1,55.9,347,5.79,104,55,42,Cotton
28.0,65.8,337,6.77,80,43,95,Tomato
23.9,68.9,460,7.29,141,58,103,Sugarcane
35.3,74.2,274,6.9,63,56,72,Cotton
28.2,61.9,202,6.28,23,54,65,Chickpea
21.8,49.5,214,7.2,33,37,59,Chickpea
15.0,46.9,411,7.35,78,33,28,Barley
17.3,44.6,544,7.03,92,26,42,Wheat
33.9,37.9,253,5.96,65,37,37,Millet
28.0,53.4,408,6.45,60,41,54,Chickpea
33.0,82.5,527,6.81,134,42,85,Sugarcane
22.4,52.8,536,7.47,48,52,63,Soybean
19.5,38.0,407,6.83,51,55,26,Barley
24.7,69.3,305,5.97,53,31,83,Potato
24.5,42.5,308,6.43,37,48,53,Millet
23.7,67.2,418,6.11,87,60,33,Maize
34.7,48.8,356,6.89,69,44,40,Cotton
18.4,66.5,460,6.45,53,37,65,Potato
28.9,68.7,461,6.21,88,50,96,Sugarcane
21.9,48.3,295,6.79,35,50,34,Barley
23.0,48.2,418,7.01,44,39,56,Barley
30.5,86.2,696,6.7,119,40,58,Rice
27.2,87.1,436,5.71,79,42,56,Rice
32.1,50.1,236,6.94,39,22,24,Millet
29.9,82.9,721,7.1,84,36,58,Sugarcane
34.4,48.4,478,6.65,67,26,65,Cotton
24.2,53.6,405,7.01,65,47,51,Millet
14.7,64.7,314,6.46,37,49,52,Barley
25.0,45.1,258,5.91,49,33,49,Groundnut
30.2,65.7,446,7.23,27,40,43,Soybean
19.2,56.8,416,6.26,64,41,63,Barley
25.6,79.1,442,6.93,81,56,37,Rice
27.6,88.4,531,6.73,87,52,63,Sugarcane
29.6,62.6,518,6.3,65,64,84,Tomato
25.6,72.7,405,6.85,51,39,59,Soybean
27.5,44.9,407,7.6,83,39,38,Cotton
29.2,59.4,433,7.16,24,41,60,Chickpea
27.1,60.6,207,7.14,20,38,41,Millet
16.2,58.8,365,6.03,85,32,41,Barley
20.9,40.8,357,7.11,53,33,59,Wheat
25.0,82.3,369,5.33,107,50,95,Potato
25.6,86.8,699,6.47,98,35,59,Rice
30.6,64.9,301,6.31,68,29,36,Cotton
30.4,43.3,409,6.67,60,29,57,Cotton
12.4,48.6,433,6.6,67,20,37,Barley
32.0,76.9,379,5.61,100,50,48,Rice
28.7,78.5,386,6.18,29,60,37,Soybean
34.8,41.7,251,7.36,43,34,21,Millet
29.5,65.5,353,7.76,83,35,62,Cotton
23.9,65.3,328,5.82,76,44,108,Potato
16.9,66.9,361,6.92,46,48,70,Wheat
25.7,42.2,300,7.44,22,48,42,Chickpea
17.4,69.4,541,6.15,81,46,86,Potato
32.5,31.4,297,5.95,25,33,52,Millet
29.1,49.8,482,6.55,29,53,44,Groundnut
22.4,65.2,496,6.8,61,47,57,Barley
30.6,55.1,461,6.75,53,55,38,Soybean
16.4,59.8,319,6.57,57,36,36,Barley
23.5,76.0,517,5.14,96,37,71,Potato
20.7,72.0,458,7.11,88,53,48,Wheat
15.4,66.4,584,5.92,75,51,52,Potato
24.4,52.6,224,7.07,20,46,37,Millet
27.3,31.5,213,6.74,52,40,39,Millet
21.0,71.9,375,6.46,61,37,40,Maize
30.0,59.2,346,6.81,51,28,29,Millet
29.2,63.3,525,7.34,53,68,58,Soybean
25.3,71.1,253,6.75,48,48,35,Wheat
25.6,69.5,335,6.35,74,44,60,Tomato
24.0,75.8,641,6.75,91,60,66,Rice
34.1,45.8,344,5.93,24,33,45,Millet
15.1,84.4,583,6.54,98,66,97,Potato
18.1,63.1,585,6.25,64,62,91,Potato
28.5,58.5,600,7.16,65,63,42,Maize
28.5,43.7,221,7.26,42,26,22,Millet
24.4,79.2,602,7.0,109,37,59,Rice
22.0,71.9,316,5.1,67,55,103,Potato
28.5,77.2,351,6.98,58,66,87,Tomato
30.9,47.6,412,6.14,20,59,67,Groundnut
27.9,65.2,526,6.77,78,39,43,Maize
22.5,74.4,428,6.2,45,34,69,Groundnut
29.0,54.1,251,7.12,35,31,32,Millet
34.1,47.7,450,5.52,57,22,22,Millet
26.7,66.5,500,6.03,82,32,40,Tomato
25.1,51.8,402,6.7,72,34,51,Maize
27.0,55.1,476,5.97,37,36,35,Groundnut
21.3,45.4,334,6.63,113,42,66,Maize
21.7,47.0,300,6.75,39,60,39,Chickpea
27.3,61.1,537,7.12,40,33,72,Soybean
25.4,56.2,346,6.13,90,52,60,Tomato
15.1,76.2,492,5.3,62,38,71,Potato
21.5,58.4,509,7.19,51,52,68,Soybean
33.5,60.7,358,5.76,31,36,23,Millet
21.2,46.2,265,7.21,37,28,55,Barley
24.4,52.8,369,7.43,72,52,48,Cotton
24.6,41.9,220,7.91,21,47,25,Chickpea
20.5,40.1,422,7.06,46,36,38,Chickpea
34.2,86.6,511,7.21,119,48,63,Sugarcane
31.5,86.2,428,6.25,105,43,57,Rice
30.7,41.0,258,6.78,36,30,21,Millet
25.4,48.6,290,6.89,30,44,53,Millet
20.7,69.5,285,6.81,40,44,69,Wheat
26.4,48.6,525,6.59,87,22,60,Wheat
26.5,62.3,364,7.33,37,45,26,Millet
37.7,66.3,495,6.5,62,45,83,Cotton
30.2,62.5,372,6.32,70,45,64,Maize
16.8,45.5,473,7.19,71,40,36,Wheat
27.3,58.5,308,7.4,68,40,49,Soybean
37.8,60.5,265,5.75,90,46,52,Cotton
27.6,67.5,476,6.01,75,64,58,Tomato
36.3,59.7,432,6.23,110,35,71,Cotton
31.3,65.0,365,6.99,84,66,77,Maize
17.3,57.8,532,7.23,64,42,39,Wheat
13.1,59.4,302,6.75,49,22,30,Barley
22.8,72.0,454,6.96,69,59,45,Rice
21.5,38.2,313,6.73,51,59,69,Chickpea
26.3,45.2,263,6.08,48,46,63,Groundnut
28.4,59.1,275,7.69,20,29,25,Chickpea
18.0,51.5,325,6.42,67,36,53,Barley
16.1,58.9,414,6.99,90,39,42,Barley
27.9,61.0,475,7.43,37,38,61,Soybean
25.1,46.2,366,6.47,55,49,31,Groundnut
20.1,73.3,493,7.11,58,45,70,Soybean
30.1,70.6,329,5.91,48,43,65,Groundnut
17.7,60.3,416,6.54,95,36,36,Wheat
28.3,75.0,424,6.71,35,68,57,Soybean
30.4,69.7,741,6.06,145,33,66,Sugarcane
34.3,39.5,347,7.25,43,29,27,Millet
22.7,77.1,382,6.78,55,56,59,Potato
36.0,48.0,455,5.9,73,46,61,Cotton
24.8,55.3,302,6.68,88,56,65,Tomato
20.7,58.2,411,6.44,50,58,87,Tomato
31.9,57.1,377,6.28,91,40,55,Cotton
30.0,68.6,484,6.91,111,40,69,Maize
24.7,61.1,333,6.72,77,69,53,Maize
29.3,78.6,315,6.79,65,47,66,Soybean
24.0,52.3,305,7.08,43,44,53,Wheat
24.9,45.4,475,5.8,56,40,48,Cotton
27.6,84.1,446,6.76,111,56,59,Rice
28.1,56.5,365,5.61,40,50,50,Millet
32.5,41.2,320,7.1,75,27,79,Cotton
26.0,61.0,445,6.0,102,32,68,Maize
28.7,45.4,447,6.15,24,55,68,Groundnut
27.8,69.0,469,7.23,112,55,83,Sugarcane
21.1,52.1,480,6.52,54,32,97,Tomato
35.3,45.0,472,6.27,105,30,66,Cotton
27.2,74.4,494,7.2,113,70,43,Maize
15.3,84.8,327,5.76,73,69,70,Potato
17.2,69.6,505,6.19,82,80,86,Potato
30.2,48.9,489,6.6,62,63,39,Maize
34.3,34.3,308,6.96,59,30,39,Millet
29.1,43.1,295,7.28,79,41,65,Cotton
29.3,54.5,303,6.04,71,30,96,Tomato
29.9,50.5,375,5.63,89,36,89,Tomato
21.1,68.1,485,6.17,107,63,67,Potato
17.3,63.5,272,6.08,63,38,38,Wheat
15.4,37.7,296,6.75,69,23,42,Barley
29.1,71.9,566,6.88,45,45,70,Soybean
23.1,44.6,337,6.04,82,42,45,Wheat
28.2,47.9,256,6.89,21,37,66,Chickpea
22.5,69.2,344,6.73,68,41,42,Maize
27.2,53.6,326,7.52,24,32,36,Chickpea
19.3,51.0,374,6.43,86,38,45,Tomato
17.2,84.1,586,6.14,61,75,61,Potato
30.3,55.8,318,7.29,66,47,26,Millet
27.5,41.4,217,7.3,53,41,55,Millet
23.3,76.9,527,6.24,95,64,102,Sugarcane
23.2,55.4,593,6.36,74,69,77,Maize
15.4,68.8,533,5.69,83,37,117,Potato
24.1,62.7,343,6.17,105,56,53,Maize
24.9,64.2,334,6.47,70,52,47,Tomato
26.0,52.2,462,5.51,22,33,63,Groundnut
21.4,78.1,343,6.18,86,73,98,Potato
20.1,55.8,393,6.81,57,30,65,Soybean
20.4,68.5,451,6.35,60,51,60,Tomato
23.0,39.6,337,6.25,35,20,32,Barley
26.7,94.2,523,6.43,85,30,46,Rice
30.9,56.3,401,6.86,58,34,67,Groundnut
19.3,41.9,296,6.32,48,21,50,Barley
20.5,84.3,386,5.66,66,62,72,Potato
25.5,59.4,445,6.29,91,29,55,Wheat
28.1,43.3,497,6.52,67,55,53,Cotton
20.9,75.8,401,5.89,58,55,91,Potato
20.5,76.7,548,7.28,50,70,79,Soybean
21.5,54.7,545,6.19,37,31,40,Soybean
26.8,80.0,609,6.89,115,51,59,Rice
23.4,39.8,237,7.31,22,35,30,Chickpea
20.1,59.7,321,6.27,56,49,56,Soybean
22.5,72.7,492,6.64,108,47,61,Maize
24.3,49.9,326,6.38,29,58,36,Chickpea
15.7,62.5,330,6.76,70,51,35,Wheat
26.8,61.4,487,6.16,44,55,70,Groundnut
28.8,33.9,247,6.18,64,47,59,Millet
12.4,43.1,251,7.28,40,46,33,Barley
21.6,63.9,429,5.16,67,61,85,Potato
22.9,63.0,541,6.8,139,65,97,Sugarcane
24.1,74.2,329,5.6,50,28,36,Groundnut
22.0,55.1,520,5.75,91,49,62,Tomato
25.9,53.3,303,5.68,27,43,55,Groundnut
25.4,50.0,449,6.52,63,69,40,Soybean
25.9,62.5,347,5.88,44,40,32,Millet
23.6,78.8,556,7.41,133,56,108,Sugarcane
19.2,57.6,416,6.55,41,51,56,Chickpea
31.6,63.9,338,6.38,55,48,23,Millet
32.7,72.4,469,5.75,55,31,40,Cotton
30.9,69.5,516,6.21,69,66,63,Soybean
25.5,69.8,545,6.44,77,68,72,Maize
16.1,83.6,378,6.68,78,48,118,Potato
21.5,76.5,323,5.07,108,39,111,Potato
24.2,75.3,558,5.89,70,54,62,Potato
25.1,69.8,525,6.3,67,50,95,Tomato
23.6,49.3,425,7.38,78,24,39,Wheat
20.2,72.9,325,6.28,85,43,71,Potato
27.5,63.0,364,6.41,98,52,50,Tomato
17.4,40.8,370,6.99,100,25,38,Wheat
23.2,77.6,443,6.06,69,57,49,Rice
25.4,67.1,403,5.91,82,42,91,Tomato
32.1,56.7,402,7.68,51,34,58,Cotton
25.1,50.0,335,6.63,79,23,69,Wheat
22.6,62.9,476,6.07,53,60,40,Tomato
23.5,50.9,478,6.24,55,25,48,Groundnut
16.4,53.3,277,7.01,52,37,35,Wheat
28.0,85.5,617,6.07,118,53,44,Rice
26.9,87.8,577,6.23,65,26,39,Rice
28.3,77.8,312,6.08,90,64,54,Tomato
28.5,65.6,307,5.73,99,43,80,Cotton
19.3,44.8,413,6.83,46,30,51,Chickpea
25.6,75.8,468,6.4,27,32,54,Soybean
22.9,75.4,303,5.51,93,51,108,Potato
22.5,54.5,259,7.5,57,44,40,Chickpea
29.2,90.0,548,6.62,146,67,101,Sugarcane
16.6,67.6,254,7.45,77,50,69,Wheat
20.7,84.5,361,5.45,62,79,84,Potato
26.2,56.5,487,6.0,27,34,33,Groundnut
27.1,69.0,398,5.88,81,37,74,Tomato
22.6,63.6,316,7.39,51,38,65,Soybean
30.1,86.7,616,6.07,123,52,110,Sugarcane
28.0,53.3,470,6.97,54,59,49,Soybean
25.0,53.8,563,6.43,108,65,41,Maize
29.3,66.6,314,6.9,35,50,68,Groundnut
34.4,35.3,412,6.93,60,41,40,Millet
30.7,36.7,300,7.05,66,27,34,Millet
19.3,79.5,526,5.8,76,37,40,Tomato
17.8,73.7,300,5.9,86,80,78,Potato
33.1,50.2,336,6.36,29,37,57,Millet
26.2,61.7,564,7.47,32,35,71,Soybean
29.7,52.3,388,6.56,98,46,42,Cotton
30.9,64.0,561,6.41,94,66,50,Sugarcane
29.9,57.6,330,5.97,57,58,34,Groundnut
19.5,43.8,410,7.89,51,28,69,Chickpea
29.8,54.9,257,6.21,57,49,35,Cotton
24.4,61.6,264,7.25,52,41,46,Wheat
29.8,65.8,460,6.61,49,59,37,Groundnut
17.4,61.2,545,6.75,86,35,70,Wheat
22.0,37.1,257,6.87,53,34,45,Barley
29.3,75.6,351,6.63,79,54,68,Rice
19.4,72.6,301,6.52,59,38,96,Potato
23.6,74.1,302,6.79,89,54,89,Tomato
13.1,44.2,488,7.17,40,52,61,Barley
31.2,50.7,523,7.14,109,52,62,Maize
23.9,56.1,454,6.18,104,53,36,Maize
19.1,84.6,461,6.5,100,36,54,Potato
32.7,47.1,352,5.97,67,52,45,Cotton
31.4,75.7,607,6.61,100,31,81,Sugarcane
26.4,55.9,343,6.93,27,44,34,Groundnut
21.7,56.2,428,6.64,54,62,71,Tomato
29.7,52.6,424,6.33,28,31,27,Chickpea
32.2,69.7,584,7.15,100,43,120,Sugarcane
30.4,63.1,331,6.01,42,44,54,Soybean
23.1,57.1,351,6.78,21,49,63,Chickpea
32.1,30.9,355,7.27,70,27,47,Millet
30.0,45.3,378,6.58,71,28,63,Cotton
21.0,40.4,379,6.74,81,29,37,Barley
22.0,67.8,575,6.57,123,35,96,Sugarcane
22.4,69.3,681,6.32,132,36,51,Sugarcane
18.7,73.7,347,6.65,85,47,90,Potato
34.8,31.2,295,7.08,55,26,58,Millet
18.8,40.1,329,6.72,34,29,41,Chickpea
27.8,63.1,409,5.71,80,69,79,Tomato
27.9,51.5,427,6.96,34,36,41,Millet
25.7,81.9,648,7.5,100,53,52,Sugarcane
26.4,58.4,219,7.02,37,38,42,Millet
19.9,60.1,439,6.09,56,30,60,Tomato
33.4,49.2,239,5.74,31,45,54,Millet
28.7,53.1,419,6.89,48,26,56,Chickpea
26.6,65.6,301,7.21,44,64,37,Soybean
19.1,74.5,394,5.97,92,47,45,Tomato
16.1,65.3,508,6.61,71,41,81,Potato
24.0,58.5,331,6.13,67,20,21,Millet
22.4,50.1,393,5.83,39,42,47,Groundnut
32.8,65.2,489,5.52,81,37,42,Cotton
31.6,68.3,406,6.0,43,62,58,Soybean
25.3,65.1,377,5.67,79,45,58,Tomato
32.7,75.5,660,6.42,134,42,67,Sugarcane
20.3,45.6,530,6.74,53,50,46,Wheat
28.6,46.5,398,6.39,105,46,78,Maize
16.1,51.4,448,7.3,62,25,34,Barley
21.4,79.3,569,6.64,28,53,37,Soybean
32.5,45.1,267,6.75,70,20,44,Millet
28.1,73.7,375,6.21,55,40,77,Tomato
20.6,55.1,392,6.19,48,23,33,Barley
17.6,61.5,304,6.36,65,50,55,Barley
29.6,50.3,321,5.94,33,44,61,Groundnut
24.9,46.4,421,6.98,54,42,39,Wheat
26.6,58.2,289,6.06,22,44,50,Millet
34.5,42.0,431,6.46,53,41,21,Millet
16.9,62.0,322,6.34,64,80,106,Potato
19.9,69.0,545,6.98,83,34,35,Wheat
22.4,64.7,329,7.24,43,31,63,Barley
22.1,78.9,525,6.37,115,67,33,Maize
37.4,65.0,286,7.99,62,52,72,Cotton
25.5,69.3,482,6.03,77,53,56,Maize
28.9,55.1,445,5.56,68,60,82,Cotton
27.1,66.4,549,6.12,63,63,31,Maize
16.1,73.8,450,5.67,103,32,90,Potato
28.3,76.6,391,5.74,71,60,29,Rice
24.6,53.6,443,6.33,45,47,65,Wheat
22.8,55.6,206,6.1,48,57,34,Chickpea
27.3,51.0,293,6.98,54,42,42,Millet
31.0,46.7,487,6.16,47,29,42,Groundnut
24.2,62.2,293,6.79,64,52,64,Wheat
27.9,90.1,451,6.14,94,39,66,Rice
15.2,55.3,485,6.77,74,53,46,Barley
20.2,43.6,314,6.95,33,29,33,Chickpea
25.8,49.7,401,7.64,48,50,48,Chickpea
23.6,49.6,375,6.69,22,32,68,Chickpea
27.6,67.1,523,6.01,44,33,67,Wheat
31.5,61.4,478,7.11,25,57,59,Soybean
31.8,76.4,482,7.45,66,43,70,Soybean
21.8,53.0,574,6.99,35,53,50,Soybean
16.6,40.9,505,7.15,100,49,45,Wheat
18.7,52.2,544,6.19,46,45,70,Wheat
23.6,69.8,465,6.8,53,48,27,Barley
28.1,64.0,368,6.47,68,33,46,Millet
29.1,34.1,374,6.17,63,39,26,Millet
24.8,75.4,522,5.65,84,31,47,Rice
21.4,64.0,348,6.99,69,43,93,Tomato
22.6,73.7,545,5.81,80,56,97,Tomato
23.1,81.4,593,5.58,79,34,94,Potato
23.4,88.8,578,6.12,85,54,87,Sugarcane
26.3,50.8,356,7.2,26,45,27,Millet
30.4,53.9,442,6.11,32,31,59,Groundnut
22.3,51.8,259,6.48,90,21,32,Barley
17.6,52.5,374,7.15,73,39,38,Barley
30.9,68.2,394,7.76,94,27,57,Cotton
20.1,67.1,521,7.17,114,61,77,Maize
18.9,68.6,482,6.42,56,70,99,Tomato
26.4,49.0,523,6.93,78,23,67,Wheat
22.7,46.1,413,6.16,48,53,64,Groundnut
30.4,53.8,382,5.81,48,37,30,Groundnut
28.9,68.0,538,7.12,62,49,76,Soybean
17.0,56.1,524,7.34,69,46,28,Wheat
26.3,42.3,360,7.18,56,53,56,Cotton
15.8,67.0,351,5.17,108,62,82,Potato
17.1,54.7,459,7.04,41,48,34,Barley
26.0,37.0,448,6.0,59,25,24,Millet
21.5,52.1,512,6.88,60,45,60,Maize
15.9,71.3,420,6.8,58,47,42,Wheat
21.1,63.9,525,6.66,103,57,100,Potato
23.3,64.9,370,6.99,69,34,38,Soybean
25.5,51.7,492,6.25,26,50,62,Groundnut
28.0,85.6,530,6.97,145,36,113,Sugarcane
29.9,66.2,364,7.37,70,56,63,Soybean
19.4,60.2,459,7.25,62,21,36,Barley
29.3,53.4,313,6.54,61,62,78,Soybean
20.1,80.4,394,6.37,88,39,91,Potato
23.7,68.3,461,7.46,77,34,60,Wheat
31.5,65.9,557,6.3,117,59,57,Sugarcane
32.8,53.6,268,7.12,45,30,48,Millet
34.7,72.7,393,6.85,92,37,39,Cotton
19.0,69.5,300,7.46,54,28,44,Wheat
16.6,65.9,590,6.43,59,37,120,Potato
28.4,54.6,297,6.04,26,33,32,Chickpea
20.2,78.5,442,6.49,60,44,65,Soybean
22.2,53.0,479,6.74,88,33,40,Tomato
24.5,60.2,290,7.17,98,41,47,Wheat
25.1,70.7,350,6.76,55,55,43,Soybean
29.0,78.8,360,6.05,98,41,30,Maize
16.6,76.0,534,6.37,107,31,106,Potato
25.0,94.4,687,6.09,60,28,63,Rice
22.6,59.3,307,6.93,93,67,80,Tomato
30.9,63.4,350,6.46,101,31,64,Cotton
15.8,71.5,537,6.6,94,68,66,Potato
28.9,46.7,439,7.02,42,47,54,Chickpea
14.5,51.0,363,6.95,50,42,42,Barley
29.9,53.4,461,6.35,36,30,33,Groundnut
18.5,79.5,535,6.05,104,72,100,Potato
34.8,71.4,459,7.19,105,52,73,Cotton
30.8,48.0,387,7.07,44,38,43,Millet
24.5,47.9,426,6.47,46,44,57,Wheat
24.2,69.1,404,7.8,56,50,47,Cotton
23.5,82.9,634,6.87,133,55,55,Sugarcane
27.0,86.6,555,6.72,95,27,54,Rice
21.0,60.1,490,6.65,57,38,74,Tomato
18.2,70.0,528,6.1,52,33,69,Tomato
21.3,49.0,327,6.83,56,30,40,Chickpea
24.1,63.7,377,6.15,99,58,79,Potato
26.6,56.0,291,6.59,51,38,29,Wheat
24.5,88.0,703,6.68,150,67,85,Sugarcane
30.5,78.8,634,6.05,108,42,61,Rice
22.5,47.7,432,7.02,66,57,64,Maize
32.0,58.6,303,6.9,42,37,46,Millet
18.8,73.1,512,7.44,96,54,61,Wheat
25.2,53.1,211,6.44,27,32,34,Chickpea
19.4,66.5,273,7.39,93,27,53,Wheat
28.8,62.3,496,6.82,34,69,36,Soybean
28.8,91.7,698,6.46,104,41,64,Rice
22.8,75.1,416,6.59,61,33,85,Tomato
24.2,47.8,381,6.65,25,39,67,Chickpea
26.0,73.4,473,6.03,79,53,57,Maize
18.8,64.8,529,5.13,92,64,87,Potato
18.4,50.9,336,6.08,48,33,25,Chickpea
30.2,76.7,589,6.82,63,63,42,Maize
22.5,61.0,423,5.55,85,30,117,Potato
32.2,88.7,698,7.48,148,42,74,Sugarcane
29.5,78.0,524,6.87,100,58,67,Maize
23.5,74.0,698,6.13,64,49,49,Rice
26.5,78.1,441,6.53,76,69,50,Tomato
24.1,64.9,445,6.27,44,31,61,Chickpea
21.4,47.6,482,6.0,83,23,44,Barley
21.2,55.0,359,6.55,89,40,53,Barley
23.0,61.2,368,6.89,54,21,47,Wheat
28.6,63.9,498,6.94,80,70,84,Tomato
23.8,48.8,225,7.16,20,47,50,Chickpea
18.4,51.9,301,7.9,43,31,70,Chickpea
17.8,61.3,341,6.58,48,49,37,Wheat
19.6,55.7,465,6.42,45,46,42,Barley
29.7,90.9,619,5.56,81,33,63,Rice
24.2,67.6,407,6.31,75,55,56,Tomato
32.4,87.8,650,6.38,147,37,117,Sugarcane
26.6,57.5,445,6.79,66,23,34,Wheat
26.4,56.6,454,5.84,79,40,88,Tomato
35.0,63.0,486,6.48,108,55,59,Cotton
27.3,56.4,455,6.67,66,34,72,Maize
18.4,57.8,446,6.87,87,44,51,Tomato
12.6,67.1,445,7.13,81,26,28,Barley
20.7,51.7,482,6.06,87,23,59,Wheat
24.1,62.0,432,6.01,24,45,32,Chickpea
18.8,66.2,435,6.68,77,31,84,Potato
22.9,42.2,240,7.6,35,55,54,Chickpea
25.0,35.0,395,7.47,89,42,58,Barley
23.0,37.0,234,7.29,33,56,56,Chickpea
27.0,62.9,323,6.03,94,66,34,Maize
31.8,46.6,351,5.92,41,20,42,Millet
19.2,59.5,411,6.38,22,45,64,Chickpea
29.1,67.3,335,5.57,68,35,69,Cotton
23.3,61.9,344,6.88,37,28,37,Groundnut
18.7,52.5,213,6.87,40,55,35,Chickpea
28.0,50.6,594,7.11,97,42,62,Maize
21.1,35.4,321,6.45,51,35,40,Chickpea
24.6,90.6,596,6.95,78,46,32,Rice
23.8,77.7,448,6.19,53,36,59,Soybean
22.7,51.4,351,7.12,97,40,39,Wheat
29.5,74.7,355,6.15,24,25,38,Groundnut
18.3,54.8,452,6.13,99,54,66,Tomato
21.8,61.3,390,5.3,51,55,97,Potato
27.6,47.7,393,6.05,39,35,44,Groundnut
28.6,72.5,307,6.34,33,51,77,Soybean
12.4,60.1,396,6.13,78,43,27,Barley
23.0,66.5,555,5.09,81,42,70,Potato
32.2,77.2,567,7.06,110,45,112,Sugarcane
26.6,90.6,653,5.9,114,40,30,Rice
24.4,43.0,373,6.91,57,60,39,Chickpea
21.0,68.6,584,6.44,97,61,110,Potato
21.7,52.8,414,6.18,67,60,54,Tomato
24.9,72.6,517,6.49,79,53,63,Rice
24.7,58.8,464,6.25,31,45,30,Groundnut
28.4,63.8,396,6.49,30,56,60,Soybean
25.9,48.0,563,7.06,86,37,61,Maize
23.7,48.1,294,7.73,33,57,55,Chickpea
27.2,57.6,443,5.87,56,31,54,Cotton
12.6,44.0,404,7.06,36,40,60,Barley
24.2,61.1,423,6.3,58,22,31,Barley
30.8,51.5,384,6.6,56,27,48,Groundnut
32.6,54.1,261,5.57,96,35,49,Cotton
22.2,55.2,439,6.21,50,48,92,Tomato
26.4,73.0,449,7.1,37,42,35,Soybean
30.9,56.9,539,5.98,78,54,56,Maize
24.0,80.8,546,7.07,144,36,113,Sugarcane
29.7,74.4,459,6.09,104,59,51,Cotton
28.3,53.7,302,6.0,63,70,81,Tomato
25.9,63.7,682,6.23,123,47,55,Sugarcane
26.7,69.7,428,6.45,52,68,79,Soybean
23.8,52.1,434,7.37,35,28,46,Chickpea
22.8,78.4,402,6.62,99,37,78,Tomato
23.9,49.0,282,6.37,43,40,31,Barley
29.5,56.3,426,6.24,52,25,66,Groundnut
30.7,43.1,357,7.36,62,41,41,Millet
22.6,89.1,655,6.44,146,56,110,Sugarcane
22.6,36.2,426,6.63,86,51,61,Barley
31.2,73.4,489,5.94,40,41,47,Groundnut
29.7,50.6,286,7.49,21,54,26,Chickpea
18.8,46.2,288,6.28,51,52,32,Wheat
23.2,91.3,581,5.76,105,53,30,Rice
29.8,45.4,262,7.13,43,45,54,Chickpea
23.7,55.0,435,6.51,78,63,87,Tomato
25.2,65.4,563,6.02,69,42,63,Soybean
25.5,38.3,231,6.47,43,46,54,Chickpea
35.3,57.1,355,7.22,51,43,52,Cotton
19.4,66.9,259,7.2,41,42,35,Barley
27.7,62.7,348,7.56,25,34,65,Chickpea
28.2,86.3,687,7.37,109,50,78,Sugarcane
32.9,56.6,362,7.18,59,33,44,Cotton
22.0,64.8,567,6.09,61,30,86,Potato
27.0,79.6,568,5.76,73,36,42,Rice
35.2,60.6,446,6.46,86,42,86,Cotton
37.5,42.1,468,7.02,81,26,90,Cotton
23.0,66.9,459,6.56,92,36,115,Potato
24.1,72.5,493,6.58,97,30,89,Tomato
26.3,72.5,674,6.56,66,53,35,Rice
25.5,37.6,240,7.89,27,58,62,Chickpea
26.4,45.5,419,5.89,83,55,76,Cotton
27.2,75.4,443,7.13,108,45,53,Maize
24.1,72.7,585,6.66,93,60,99,Potato
25.1,52.8,364,7.34,77,38,33,Wheat
30.8,46.5,377,6.21,62,30,68,Cotton
21.0,80.2,569,6.15,86,48,63,Potato
19.9,75.6,463,5.57,92,68,69,Tomato
26.4,61.3,457,6.73,53,45,48,Soybean
27.0,52.0,591,6.96,85,33,51,Maize
20.9,60.0,504,6.34,50,31,91,Tomato
24.6,59.4,471,7.26,70,52,36,Wheat
25.3,63.1,440,5.78,58,30,39,Groundnut
28.1,51.0,422,6.67,59,35,74,Cotton
26.2,85.2,562,5.91,108,57,32,Rice
22.8,79.6,453,6.18,78,57,100,Potato
31.4,64.6,545,6.37,81,50,71,Sugarcane
21.4,55.8,385,6.36,66,70,54,Soybean
21.4,61.8,381,6.07,54,24,25,Wheat
30.4,58.1,512,6.2,54,50,76,Soybean
29.9,73.5,398,6.91,26,69,49,Soybean
24.2,69.1,407,6.95,61,64,48,Tomato
26.0,88.6,573,5.53,118,29,45,Rice
27.6,46.2,426,6.2,32,58,57,Groundnut
24.7,59.9,428,7.49,65,25,25,Barley
24.9,39.0,384,6.94,29,33,68,Chickpea
24.3,69.3,319,6.19,74,44,87,Cotton
24.9,63.2,340,5.31,88,52,106,Potato
36.6,69.9,455,5.67,77,49,90,Cotton
28.2,40.7,381,6.42,37,49,33,Millet
24.6,33.1,245,6.76,47,21,50,Millet
20.3,39.6,355,7.28,22,30,70,Chickpea
29.5,76.4,493,5.76,87,65,67,Tomato
25.9,50.5,411,6.83,41,33,61,Wheat
18.7,52.2,337,7.04,53,33,62,Chickpea
14.4,62.2,301,6.57,68,44,28,Barley
24.3,70.3,302,6.45,46,31,77,Soybean
27.8,60.6,701,7.42,124,51,60,Sugarcane
22.5,49.1,458,6.76,75,24,57,Wheat
29.1,61.2,422,6.25,55,50,56,Chickpea
18.6,64.6,544,6.45,101,38,52,Potato
30.2,74.2,430,6.87,51,44,41,Groundnut
27.8,43.4,416,6.46,109,52,47,Cotton
18.7,54.3,547,6.24,62,34,70,Tomato
23.2,52.6,294,5.57,36,40,36,Groundnut
29.3,63.8,466,6.62,96,32,38,Maize
12.3,67.3,349,7.48,35,23,30,Barley
23.9,58.8,246,6.41,33,45,69,Chickpea
32.6,70.7,485,7.85,74,48,46,Cotton
31.0,64.0,390,5.66,42,46,60,Millet
25.3,64.0,424,6.77,40,53,32,Groundnut
19.3,50.1,432,6.28,99,66,45,Tomato
24.5,37.1,251,7.35,58,55,49,Chickpea
21.0,36.5,240,6.95,54,46,57,Chickpea
22.6,66.3,453,6.64,47,45,47,Groundnut
20.0,73.1,531,6.06,69,45,79,Tomato
37.7,65.6,461,5.88,59,44,71,Cotton
15.6,47.2,434,6.58,98,49,27,Wheat
20.8,49.4,257,6.78,79,35,50,Barley
27.9,60.9,404,6.01,22,21,38,Millet
26.6,47.0,399,5.6,51,28,65,Groundnut
26.6,74.2,375,7.26,64,49,60,Soybean
18.7,60.7,496,7.42,90,52,50,Barley
27.1,43.4,355,7.15,20,38,67,Chickpea
19.7,37.7,366,7.34,33,32,29,Chickpea
19.8,51.0,544,7.3,71,31,57,Wheat
26.6,56.7,468,6.15,107,47,42,Maize
28.0,62.9,223,6.47,47,45,23,Millet
21.0,69.4,308,6.51,87,42,96,Potato
30.9,59.9,349,6.07,50,39,61,Soybean
26.8,58.8,322,6.14,115,40,47,Maize
26.0,42.1,426,5.63,67,45,54,Millet
24.9,40.6,220,7.3,40,40,44,Chickpea
33.4,88.0,539,6.02,91,45,108,Sugarcane
20.5,56.5,315,5.53,85,63,64,Tomato
24.8,42.9,350,6.49,39,52,43,Chickpea
27.2,60.4,696,6.73,124,42,101,Sugarcane
26.8,72.5,311,6.17,86,27,71,Cotton
36.3,67.5,378,7.16,99,60,44,Cotton
33.7,51.5,356,7.29,59,40,27,Millet
20.5,48.9,228,6.32,54,36,59,Chickpea
25.0,47.5,248,6.37,36,48,29,Chickpea
25.1,63.0,370,6.52,50,55,47,Groundnut
27.0,41.5,203,6.09,22,28,67,Chickpea
26.5,53.2,262,5.8,66,42,27,Millet
15.7,56.1,340,6.8,79,48,26,Barley
16.6,72.9,578,5.02,56,76,96,Potato
22.2,74.4,363,6.85,53,41,57,Tomato
24.4,44.8,271,7.32,110,33,52,Cotton
20.8,85.0,544,6.2,53,47,55,Potato
24.9,60.6,303,6.59,52,39,89,Potato
22.2,79.5,360,5.52,78,53,98,Tomato
24.9,74.1,338,6.96,62,70,56,Tomato
37.8,52.9,299,6.36,108,28,50,Cotton
25.3,42.4,406,7.09,23,45,31,Millet
23.9,48.4,550,5.94,103,43,51,Maize
16.1,66.8,402,6.3,47,22,53,Barley
21.1,58.1,329,6.29,87,44,77,Tomato
26.0,65.9,376,5.84,107,34,54,Cotton
34.9,57.8,398,7.28,110,38,59,Cotton
28.4,55.5,585,7.32,29,70,51,Soybean
30.6,49.4,376,6.51,58,47,26,Millet
16.8,47.0,459,7.48,97,49,34,Wheat
18.8,64.2,337,6.62,72,75,51,Potato
24.3,58.3,252,6.47,42,25,46,Wheat
31.7,72.2,598,5.95,107,54,71,Maize
27.5,61.7,234,7.43,63,32,28,Millet
30.7,88.6,463,6.0,70,29,57,Rice
21.9,76.6,554,6.3,69,34,51,Soybean
15.7,53.4,294,6.64,51,48,64,Wheat
28.2,54.5,310,6.22,35,30,40,Soybean
15.8,45.2,322,7.16,94,53,48,Wheat
24.2,50.6,556,6.89,99,45,62,Maize
30.8,62.3,477,6.01,35,34,48,Groundnut
16.4,80.3,536,5.78,57,32,57,Potato
19.3,55.6,371,7.53,56,44,42,Chickpea
30.3,64.5,258,6.69,36,39,41,Millet
30.1,50.0,418,7.22,77,43,79,Cotton
18.1,63.4,461,6.1,74,31,63,Potato
16.1,70.7,553,6.62,91,45,72,Potato
15.3,48.7,521,6.46,71,45,35,Wheat
19.3,46.0,241,7.25,27,51,42,Chickpea
24.8,53.6,334,5.84,25,32,65,Groundnut
34.7,77.2,590,6.29,100,44,55,Sugarcane
13.7,66.4,323,6.06,59,49,53,Barley
18.1,72.9,328,6.3,66,65,74,Tomato
18.1,53.5,439,6.57,36,35,34,Barley
29.7,89.1,498,5.99,60,56,52,Rice
19.2,56.1,327,5.83,84,32,42,Tomato
25.0,64.4,518,7.12,130,30,97,Sugarcane
25.8,64.5,414,5.88,53,56,30,Groundnut
28.2,73.3,326,7.18,38,69,72,Soybean
15.9,55.1,500,7.45,65,48,40,Barley
21.4,56.4,364,6.23,33,35,32,Chickpea
30.2,79.8,408,6.9,72,59,36,Rice
26.6,50.6,255,7.22,57,36,30,Chickpea
34.4,51.0,261,7.27,45,49,26,Millet
29.8,55.8,545,6.02,63,64,74,Maize
19.6,64.9,321,5.74,56,45,56,Potato
30.1,87.3,585,6.93,83,31,92,Sugarcane
25.6,31.9,444,7.02,38,46,24,Millet
26.9,56.7,221,6.98,20,49,30,Millet
17.8,61.3,531,5.37,66,36,100,Potato
31.2,85.6,689,6.77,106,44,57,Rice
23.8,64.7,439,5.97,24,25,38,Groundnut
31.3,74.6,749,6.74,135,47,63,Sugarcane
30.7,50.9,359,6.3,32,27,21,Millet
31.9,89.5,533,6.22,110,56,47,Rice
29.1,72.1,428,6.07,110,34,49,Rice
15.2,42.5,362,7.44,46,51,29,Barley
26.1,71.8,337,5.61,33,46,42,Groundnut
17.5,62.5,323,6.6,76,49,39,Barley
25.8,45.7,342,6.24,79,34,56,Maize
22.7,48.4,374,6.82,70,44,29,Wheat
23.6,74.7,407,5.55,102,51,64,Rice
26.4,57.3,373,5.82,93,48,53,Maize
20.4,52.7,403,6.43,75,55,43,Maize
26.6,70.5,482,6.04,39,33,54,Groundnut
14.0,66.3,459,7.03,54,41,50,Barley
25.5,63.3,404,6.78,78,62,94,Tomato
20.2,61.8,475,6.39,47,21,57,Barley
15.3,61.6,362,6.67,45,40,28,Wheat
37.2,57.1,331,7.73,82,55,66,Cotton
21.5,68.2,388,6.47,35,36,79,Soybean
26.7,71.9,465,6.79,106,50,60,Rice
26.6,52.3,349,7.67,53,35,32,Chickpea
18.4,66.7,316,6.02,35,37,51,Barley
37.4,49.9,269,7.04,57,48,40,Cotton
27.5,51.7,319,5.82,38,51,65,Groundnut
31.6,60.4,375,6.6,68,22,22,Millet
18.7,82.2,514,5.86,104,63,62,Potato
26.4,53.0,395,5.85,75,38,100,Tomato
29.8,76.1,567,6.87,81,41,75,Maize
26.6,77.4,485,6.61,65,61,55,Tomato
32.0,69.4,286,5.84,38,47,43,Groundnut
32.7,59.0,498,5.7,74,26,82,Cotton
33.0,42.6,480,7.27,98,40,83,Cotton
22.8,78.8,310,6.1,68,65,78,Tomato
30.7,71.9,631,5.65,101,59,25,Rice
25.5,74.9,584,7.3,35,60,65,Soybean
22.2,74.9,440,6.62,80,47,45,Wheat
15.6,83.6,371,6.31,98,56,66,Potato
28.5,64.3,387,6.11,94,45,48,Maize
29.2,32.9,262,7.5,30,20,28,Millet
24.1,65.5,544,6.48,108,36,30,Maize
17.9,62.7,467,5.36,63,76,72,Potato
19.3,73.7,450,6.0,74,64,101,Potato
30.6,80.0,625,7.14,113,34,96,Sugarcane
22.0,78.8,642,6.12,102,30,58,Rice
26.3,80.0,578,7.47,90,30,62,Sugarcane
34.1,83.8,527,7.49,80,60,72,Sugarcane
27.5,62.3,510,6.84,81,49,46,Wheat
30.4,73.5,591,7.26,129,47,70,Sugarcane
25.9,61.4,413,7.11,33,49,60,Millet
15.0,72.3,493,6.37,104,40,92,Potato
16.8,41.5,543,6.89,74,55,30,Wheat
30.5,50.5,413,6.59,49,34,54,Groundnut
23.8,64.4,411,5.91,24,51,64,Groundnut
19.0,67.8,469,6.28,68,40,81,Tomato
25.5,47.4,252,7.39,69,37,70,Cotton
31.7,79.9,522,7.03,64,37,39,Maize
31.0,41.5,327,6.59,71,49,76,Cotton
24.5,47.7,282,6.91,89,23,46,Barley
20.2,63.1,399,6.51,51,59,61,Tomato
16.8,76.0,515,6.26,68,69,98,Potato
28.0,78.8,645,6.26,69,55,39,Rice
29.7,60.0,292,6.84,99,32,74,Cotton
15.9,64.8,354,6.21,61,35,59,Wheat
16.2,62.4,462,6.17,105,42,87,Potato
31.0,89.9,535,6.56,92,40,78,Sugarcane
24.2,83.1,382,6.02,109,68,58,Potato
25.9,58.1,357,6.24,87,60,73,Maize
24.8,71.1,468,6.85,93,51,69,Rice
21.5,75.2,387,5.12,108,63,65,Potato
18.1,58.9,405,7.09,52,48,44,Barley
29.9,65.9,584,6.8,27,49,67,Soybean
21.1,73.5,372,6.77,94,37,79,Tomato
21.3,42.8,426,6.47,51,24,64,Barley
28.9,48.7,564,6.62,112,53,59,Maize
28.4,46.0,276,6.49,50,22,39,Millet
34.4,54.3,251,6.05,51,49,60,Millet
25.8,72.4,597,6.21,115,41,104,Sugarcane
21.3,62.7,286,7.33,26,30,35,Chickpea
24.3,79.7,457,7.03,90,51,81,Sugarcane
25.3,42.0,386,6.79,86,24,44,Wheat
34.4,59.1,371,6.7,68,31,72,Cotton
29.6,85.6,376,5.81,95,33,43,Rice
17.4,77.9,321,6.62,98,38,114,Potato
25.9,63.2,307,5.89,69,60,97,Tomato
24.5,70.0,536,5.65,60,68,42,Tomato
27.4,45.8,232,6.35,39,41,35,Chickpea
24.5,72.2,491,6.0,51,60,79,Soybean
32.4,51.0,311,6.31,48,39,40,Millet
25.2,80.4,513,5.91,64,48,32,Rice
28.5,46.8,274,6.5,30,51,62,Chickpea
28.9,67.0,304,6.13,75,52,74,Tomato
31.1,74.7,459,6.66,47,44,31,Groundnut
31.8,37.5,252,5.9,20,49,39,Millet
34.2,48.3,372,6.71,32,50,42,Millet
33.9,34.2,397,7.48,34,34,48,Millet
20.8,40.9,497,7.36,49,32,46,Wheat
